LAKE_ID,LOCATION_ID,LOCATION_TYPE,SAMPLE_TIME,DATA_PROVIDER,HS_HAB_STATUS,HS_HAB_STATUS_DATE,HFD_EXTENT,INFORMATION_TYPE
0707SKA0193,0707SKA0193_3501,SHORE,"7/15/2019, 8:00 PM",SKA,NO BLOOM,,NO BLOOM PRESENT,HAB_Report
0707SKA0193,0707SKA0193_3501,SHORE,"7/23/2019, 8:00 PM",SKA,NO BLOOM,,NO BLOOM PRESENT,HAB_Report
0707SKA0193,0707SKA0193_3501,SHORE,"7/31/2019, 8:00 PM",SKA,NO BLOOM,,NO BLOOM PRESENT,HAB_Report
0707SKA0193,0707SKA0193_3501,SHORE,"8/5/2019, 8:00 PM",SKA,NO BLOOM,,NO BLOOM PRESENT,HAB_Report
0707SKA0193,0707SKA0193_3501,SHORE,"8/7/2019, 8:00 PM",SKA,NO BLOOM,,NO BLOOM PRESENT,HAB_Report
0707SKA0193,0707SKA0193_3501,SHORE,"8/10/2019, 8:00 PM",SKA,NO BLOOM,,NO BLOOM PRESENT,HAB_Report
0707SKA0193,0707SKA0193_3501,SHORE,"8/18/2019, 8:00 PM",SKA,NO BLOOM,,NO BLOOM PRESENT,HAB_Report
0707SKA0193,0707SKA0193_3501,SHORE,"8/24/2019, 8:00 PM",SKA,NO BLOOM,,NO BLOOM PRESENT,HAB_Report
0707SKA0193,0707SKA0193_3501,SHORE,"9/1/2019, 8:00 PM",SKA,NO BLOOM,,NO BLOOM PRESENT,HAB_Report
0707SKA0193,0707SKA0193_3501,SHORE,"9/7/2019, 8:00 PM",SKA,NO BLOOM,,NO BLOOM PRESENT,HAB_Report
0707SKA0193,0707SKA0193_3501,SHORE,"9/15/2019, 8:00 PM",SKA,NO BLOOM,,NO BLOOM PRESENT,HAB_Report
0707SKA0193,0707SKA0193_3501,SHORE,"9/28/2019, 8:00 PM",SKA,NO BLOOM,,NO BLOOM PRESENT,HAB_Report
0707SKA0193,0707SKA0193_3501,SHORE,"10/10/2019, 8:00 PM",SKA,NO BLOOM,,NO BLOOM PRESENT,HAB_Report
0707SKA0193,0707SKA0193_3501,SHORE,"7/13/2020, 12:06 PM",SKA,NO BLOOM,,NOT REPORTED,HAB_Report
0707SKA0193,0707SKA0193_3501,SHORE,"7/14/2020, 6:00 PM",SKA,NO BLOOM,,NOT REPORTED,HAB_Report
0707SKA0193,0707SKA0193_3501,SHORE,"7/21/2020, 4:15 PM",SKA,NO BLOOM,,NOT REPORTED,HAB_Report
0707SKA0193,0707SKA0193_3501,SHORE,"7/27/2020, 7:00 PM",SKA,NO BLOOM,,NOT REPORTED,HAB_Report
0707SKA0193,0707SKA0193_3501,SHORE,"8/3/2020, 6:05 PM",SKA,NO BLOOM,,NOT REPORTED,HAB_Report
0707SKA0193,0707SKA0193_3501,SHORE,"8/10/2020, 10:50 AM",SKA,NO BLOOM,,NOT REPORTED,HAB_Report
0707SKA0193,0707SKA0193_3501,SHORE,"8/13/2020, 11:20 AM",SKA,NO BLOOM,,NOT REPORTED,HAB_Report
0707SKA0193,0707SKA0193_3501,SHORE,"8/13/2020, 3:10 PM",SKA,NO BLOOM,,NOT REPORTED,HAB_Report
0707SKA0193,0707SKA0193_3501,SHORE,"9/1/2020, 5:50 PM",SKA,NO BLOOM,,NOT REPORTED,HAB_Report
0707SKA0193,0707SKA0193_3501,SHORE,"9/6/2020, 6:30 PM",SKA,NO BLOOM,,NOT REPORTED,HAB_Report
0707SKA0193,0707SKA0193_3501,SHORE,"9/8/2020, 11:45 AM",SKA,NO BLOOM,,NOT REPORTED,HAB_Report
0707SKA0193,0707SKA0193_3501,SHORE,"9/9/2020, 6:00 PM",SKA,NO BLOOM,,NOT REPORTED,HAB_Report
0707SKA0193,0707SKA0193_3501,SHORE,"9/15/2020, 3:30 PM",SKA,NO BLOOM,,NOT REPORTED,HAB_Report
0707SKA0193,0707SKA0193_3501,SHORE,"9/25/2020, 6:30 PM",SKA,NO BLOOM,,NOT REPORTED,HAB_Report
0707SKA0193,0707SKA0193_3501,SHORE,"10/5/2020, 5:45 PM",SKA,NO BLOOM,,NOT REPORTED,HAB_Report
0707SKA0193,0707SKA0193_3502,SHORE,"9/15/2018, 8:00 PM",SKA,CONFIRMED WITH HIGH TOXINS,"10/4/2018, 8:00 PM",NOT REPORTED,ShoreBloom_Sample
0707SKA0193,0707SKA0193_3502,SHORE,"9/15/2018, 8:00 PM",SKA,CONFIRMED,"9/18/2018, 8:00 PM",NOT REPORTED,ShoreBloom_Sample
0707SKA0193,0707SKA0193_3502,SHORE,"7/17/2019, 8:00 PM",SKA,NO BLOOM,,NO BLOOM PRESENT,HAB_Report
0707SKA0193,0707SKA0193_3502,SHORE,"7/24/2019, 8:00 PM",SKA,NO BLOOM,,NO BLOOM PRESENT,HAB_Report
0707SKA0193,0707SKA0193_3502,SHORE,"8/2/2019, 8:00 PM",SKA,NO BLOOM,,NO BLOOM PRESENT,HAB_Report
0707SKA0193,0707SKA0193_3502,SHORE,"8/7/2019, 8:00 PM",SKA,NO BLOOM,,NO BLOOM PRESENT,HAB_Report
0707SKA0193,0707SKA0193_3502,SHORE,"8/15/2019, 8:00 PM",SKA,NO BLOOM,,NO BLOOM PRESENT,HAB_Report
0707SKA0193,0707SKA0193_3502,SHORE,"8/21/2019, 8:00 PM",SKA,NO BLOOM,,NO BLOOM PRESENT,HAB_Report
0707SKA0193,0707SKA0193_3502,SHORE,"8/28/2019, 8:00 PM",SKA,NO BLOOM,,NO BLOOM PRESENT,HAB_Report
0707SKA0193,0707SKA0193_3502,SHORE,"9/4/2019, 8:00 PM",SKA,NO BLOOM,,NO BLOOM PRESENT,HAB_Report
0707SKA0193,0707SKA0193_3502,SHORE,"9/11/2019, 8:00 PM",SKA,NO BLOOM,,NO BLOOM PRESENT,HAB_Report
0707SKA0193,0707SKA0193_3502,SHORE,"9/18/2019, 8:00 PM",SKA,NO BLOOM,,NO BLOOM PRESENT,HAB_Report
0707SKA0193,0707SKA0193_3502,SHORE,"9/21/2019, 8:00 PM",SKA,NO BLOOM,,SMALL LOCALIZED,HAB_Report
0707SKA0193,0707SKA0193_3502,SHORE,"9/25/2019, 8:00 PM",SKA,NO BLOOM,,NO BLOOM PRESENT,HAB_Report
0707SKA0193,0707SKA0193_3502,SHORE,"10/10/2019, 8:00 PM",SKA,NO BLOOM,,NO BLOOM PRESENT,HAB_Report
0707SKA0193,0707SKA0193_3502,SHORE,"7/19/2020, 11:29 AM",SKA,NO BLOOM,,NOT REPORTED,HAB_Report
0707SKA0193,0707SKA0193_3502,SHORE,"7/24/2020, 2:24 PM",SKA,NO BLOOM,,NOT REPORTED,HAB_Report
0707SKA0193,0707SKA0193_3502,SHORE,"7/30/2020, 7:07 PM",SKA,NO BLOOM,,NOT REPORTED,HAB_Report
0707SKA0193,0707SKA0193_3502,SHORE,"8/5/2020, 3:12 PM",SKA,NO BLOOM,,NOT REPORTED,HAB_Report
0707SKA0193,0707SKA0193_3502,SHORE,"8/12/2020, 4:40 PM",SKA,NO BLOOM,,NOT REPORTED,HAB_Report
0707SKA0193,0707SKA0193_3502,SHORE,"8/19/2020, 2:31 PM",SKA,NO BLOOM,,NOT REPORTED,HAB_Report
0707SKA0193,0707SKA0193_3502,SHORE,"8/26/2020, 3:17 PM",SKA,NO BLOOM,,NOT REPORTED,HAB_Report
0707SKA0193,0707SKA0193_3502,SHORE,"9/2/2020, 4:23 PM",SKA,NO BLOOM,,NOT REPORTED,HAB_Report
0707SKA0193,0707SKA0193_3502,SHORE,"9/9/2020, 3:48 PM",SKA,CONFIRMED,"9/8/2020, 8:00 PM",SMALL LOCALIZED,HAB_Report
0707SKA0193,0707SKA0193_3502,SHORE,"9/16/2020, 4:59 PM",SKA,NO BLOOM,,NOT REPORTED,HAB_Report
0707SKA0193,0707SKA0193_3502,SHORE,"9/24/2020, 2:24 PM",SKA,NO BLOOM,,NOT REPORTED,HAB_Report
0707SKA0193,0707SKA0193_3502,SHORE,"9/25/2020, 2:46 PM",SKA,CONFIRMED,"9/24/2020, 8:00 PM",LARGE LOCALIZED,HAB_Report
0707SKA0193,0707SKA0193_3502,SHORE,"10/1/2020, 5:26 PM",SKA,NO BLOOM,,NOT REPORTED,HAB_Report
0707SKA0193,0707SKA0193_3502,SHORE,"10/7/2020, 2:35 PM",SKA,NO BLOOM,,NOT REPORTED,HAB_Report
0707SKA0193,0707SKA0193_3502,SHORE,"10/14/2020, 10:14 AM",SKA,NO BLOOM,,NOT REPORTED,HAB_Report
0707SKA0193,0707SKA0193_3503,SHORE,"7/15/2019, 8:00 PM",SKA,NO BLOOM,,NO BLOOM PRESENT,HAB_Report
0707SKA0193,0707SKA0193_3503,SHORE,"7/21/2019, 8:00 PM",SKA,NO BLOOM,,NO BLOOM PRESENT,HAB_Report
0707SKA0193,0707SKA0193_3503,SHORE,"7/28/2019, 8:00 PM",SKA,NO BLOOM,,NO BLOOM PRESENT,HAB_Report
0707SKA0193,0707SKA0193_3503,SHORE,"8/12/2019, 8:00 PM",SKA,NO BLOOM,,NO BLOOM PRESENT,HAB_Report
0707SKA0193,0707SKA0193_3503,SHORE,"8/19/2019, 8:00 PM",SKA,NO BLOOM,,NO BLOOM PRESENT,HAB_Report
0707SKA0193,0707SKA0193_3503,SHORE,"8/26/2019, 8:00 PM",SKA,NO BLOOM,,NO BLOOM PRESENT,HAB_Report
0707SKA0193,0707SKA0193_3503,SHORE,"9/2/2019, 8:00 PM",SKA,NO BLOOM,,NO BLOOM PRESENT,HAB_Report
0707SKA0193,0707SKA0193_3503,SHORE,"9/9/2019, 8:00 PM",SKA,NO BLOOM,,NO BLOOM PRESENT,HAB_Report
0707SKA0193,0707SKA0193_3503,SHORE,"9/15/2019, 8:00 PM",SKA,NO BLOOM,,NO BLOOM PRESENT,HAB_Report
0707SKA0193,0707SKA0193_3503,SHORE,"9/22/2019, 8:00 PM",SKA,NO BLOOM,,NO BLOOM PRESENT,HAB_Report
0707SKA0193,0707SKA0193_3503,SHORE,"9/30/2019, 8:00 PM",SKA,NO BLOOM,,NO BLOOM PRESENT,HAB_Report
0707SKA0193,0707SKA0193_3503,SHORE,"10/7/2019, 8:00 PM",SKA,NO BLOOM,,NO BLOOM PRESENT,HAB_Report
0707SKA0193,0707SKA0193_3503,SHORE,"10/15/2019, 8:00 PM",SKA,NO BLOOM,,NO BLOOM PRESENT,HAB_Report
0707SKA0193,0707SKA0193_3503,SHORE,"7/14/2020, 5:00 PM",SKA,NO BLOOM,,NOT REPORTED,HAB_Report
0707SKA0193,0707SKA0193_3503,SHORE,"7/21/2020, 3:34 PM",SKA,NO BLOOM,,NOT REPORTED,HAB_Report
0707SKA0193,0707SKA0193_3503,SHORE,"7/28/2020, 1:41 PM",SKA,NO BLOOM,,NOT REPORTED,HAB_Report
0707SKA0193,0707SKA0193_3503,SHORE,"8/4/2020, 12:26 PM",SKA,NO BLOOM,,NOT REPORTED,HAB_Report
0707SKA0193,0707SKA0193_3503,SHORE,"8/10/2020, 11:07 AM",SKA,NO BLOOM,,NOT REPORTED,HAB_Report
0707SKA0193,0707SKA0193_3503,SHORE,"8/18/2020, 3:30 PM",SKA,NO BLOOM,,NOT REPORTED,HAB_Report
0707SKA0193,0707SKA0193_3503,SHORE,"8/25/2020, 5:01 PM",SKA,NO BLOOM,,NOT REPORTED,HAB_Report
0707SKA0193,0707SKA0193_3503,SHORE,"9/1/2020, 3:25 PM",SKA,NO BLOOM,,NOT REPORTED,HAB_Report
0707SKA0193,0707SKA0193_3503,SHORE,"9/8/2020, 9:29 AM",SKA,NO BLOOM,,NOT REPORTED,HAB_Report
0707SKA0193,0707SKA0193_3503,SHORE,"9/15/2020, 8:48 AM",SKA,NO BLOOM,,NOT REPORTED,HAB_Report
0707SKA0193,0707SKA0193_3503,SHORE,"9/22/2020, 9:56 AM",SKA,NO BLOOM,,NOT REPORTED,HAB_Report
0707SKA0193,0707SKA0193_3503,SHORE,"9/29/2020, 1:25 PM",SKA,NO BLOOM,,NOT REPORTED,HAB_Report
0707SKA0193,0707SKA0193_3503,SHORE,"10/7/2020, 4:45 PM",SKA,NO BLOOM,,NOT REPORTED,HAB_Report
0707SKA0193,0707SKA0193_3503,SHORE,"10/13/2020, 1:29 PM",SKA,NO BLOOM,,NOT REPORTED,HAB_Report
0707SKA0193,0707SKA0193_3504,SHORE,"8/10/2018, 8:00 PM",SKA,NO BLOOM,"8/13/2018, 8:00 PM",NOT REPORTED,ShoreBloom_Sample
0707SKA0193,0707SKA0193_3504,SHORE,"7/21/2019, 8:00 PM",SKA,NO BLOOM,,NO BLOOM PRESENT,HAB_Report
0707SKA0193,0707SKA0193_3504,SHORE,"7/28/2019, 8:00 PM",SKA,NO BLOOM,,NO BLOOM PRESENT,HAB_Report
0707SKA0193,0707SKA0193_3504,SHORE,"8/4/2019, 8:00 PM",SKA,NO BLOOM,,NO BLOOM PRESENT,HAB_Report
0707SKA0193,0707SKA0193_3504,SHORE,"8/11/2019, 8:00 PM",SKA,NO BLOOM,,NO BLOOM PRESENT,HAB_Report
0707SKA0193,0707SKA0193_3504,SHORE,"8/18/2019, 8:00 PM",SKA,NO BLOOM,,NO BLOOM PRESENT,HAB_Report
0707SKA0193,0707SKA0193_3504,SHORE,"8/25/2019, 8:00 PM",SKA,NO BLOOM,,NO BLOOM PRESENT,HAB_Report
0707SKA0193,0707SKA0193_3504,SHORE,"9/2/2019, 8:00 PM",SKA,NO BLOOM,,NO BLOOM PRESENT,HAB_Report
0707SKA0193,0707SKA0193_3504,SHORE,"9/10/2019, 8:00 PM",SKA,NO BLOOM,,NO BLOOM PRESENT,HAB_Report
0707SKA0193,0707SKA0193_3504,SHORE,"9/20/2019, 8:00 PM",SKA,SUSPICIOUS,"9/24/2019, 8:00 PM",SMALL LOCALIZED,HAB_Report
0707SKA0193,0707SKA0193_3504,SHORE,"7/14/2020, 8:00 AM",SKA,NO BLOOM,,NOT REPORTED,HAB_Report
0707SKA0193,0707SKA0193_3504,SHORE,"7/21/2020, 12:34 PM",SKA,NO BLOOM,,NOT REPORTED,HAB_Report
0707SKA0193,0707SKA0193_3504,SHORE,"7/28/2020, 2:00 PM",SKA,NO BLOOM,,NOT REPORTED,HAB_Report
0707SKA0193,0707SKA0193_3504,SHORE,"8/3/2020, 1:30 PM",SKA,NO BLOOM,,NOT REPORTED,HAB_Report
0707SKA0193,0707SKA0193_3504,SHORE,"8/10/2020, 5:34 PM",SKA,NO BLOOM,,NOT REPORTED,HAB_Report
0707SKA0193,0707SKA0193_3506,SHORE,"7/14/2019, 8:00 PM",SKA,NO BLOOM,,NO BLOOM PRESENT,HAB_Report
0707SKA0193,0707SKA0193_3506,SHORE,"7/21/2019, 8:00 PM",SKA,NO BLOOM,,NO BLOOM PRESENT,HAB_Report
0707SKA0193,0707SKA0193_3506,SHORE,"7/28/2019, 8:00 PM",SKA,NO BLOOM,,NO BLOOM PRESENT,HAB_Report
0707SKA0193,0707SKA0193_3506,SHORE,"8/4/2019, 8:00 PM",SKA,NO BLOOM,,NO BLOOM PRESENT,HAB_Report
0707SKA0193,0707SKA0193_3506,SHORE,"8/12/2019, 8:00 PM",SKA,NO BLOOM,,NO BLOOM PRESENT,HAB_Report
0707SKA0193,0707SKA0193_3506,SHORE,"8/18/2019, 8:00 PM",SKA,NO BLOOM,,NO BLOOM PRESENT,HAB_Report
0707SKA0193,0707SKA0193_3506,SHORE,"8/25/2019, 8:00 PM",SKA,NO BLOOM,,NO BLOOM PRESENT,HAB_Report
0707SKA0193,0707SKA0193_3506,SHORE,"9/2/2019, 8:00 PM",SKA,CONFIRMED,"9/4/2019, 8:00 PM",SMALL LOCALIZED,ShoreBloom_Sample
0707SKA0193,0707SKA0193_3506,SHORE,"9/8/2019, 8:00 PM",SKA,NO BLOOM,,NO BLOOM PRESENT,HAB_Report
0707SKA0193,0707SKA0193_3506,SHORE,"9/15/2019, 8:00 PM",SKA,NO BLOOM,,NO BLOOM PRESENT,HAB_Report
0707SKA0193,0707SKA0193_3506,SHORE,"9/20/2019, 8:00 PM",SKA,SUSPICIOUS,"9/22/2019, 8:00 PM",SMALL LOCALIZED,HAB_Report
0707SKA0193,0707SKA0193_3506,SHORE,"9/23/2019, 8:00 PM",SKA,NO BLOOM,,NO BLOOM PRESENT,HAB_Report
0707SKA0193,0707SKA0193_3506,SHORE,"10/1/2019, 8:00 PM",SKA,NO BLOOM,,NO BLOOM PRESENT,HAB_Report
0707SKA0193,0707SKA0193_3506,SHORE,"10/7/2019, 8:00 PM",SKA,NO BLOOM,,NO BLOOM PRESENT,HAB_Report
0707SKA0193,0707SKA0193_3506,SHORE,"10/14/2019, 8:00 PM",SKA,NO BLOOM,,NO BLOOM PRESENT,HAB_Report
0707SKA0193,0707SKA0193_3506,SHORE,"7/13/2020, 11:00 AM",SKA,NO BLOOM,,NOT REPORTED,HAB_Report
0707SKA0193,0707SKA0193_3506,SHORE,"7/20/2020, 12:30 PM",SKA,NO BLOOM,,NOT REPORTED,HAB_Report
0707SKA0193,0707SKA0193_3506,SHORE,"7/27/2020, 10:30 AM",SKA,NO BLOOM,,NOT REPORTED,HAB_Report
0707SKA0193,0707SKA0193_3506,SHORE,"8/3/2020, 3:09 PM",SKA,NO BLOOM,,NOT REPORTED,HAB_Report
0707SKA0193,0707SKA0193_3506,SHORE,"8/10/2020, 12:38 PM",SKA,NO BLOOM,,NOT REPORTED,HAB_Report
0707SKA0193,0707SKA0193_3506,SHORE,"8/17/2020, 3:40 PM",SKA,NO BLOOM,,NOT REPORTED,HAB_Report
0707SKA0193,0707SKA0193_3506,SHORE,"8/23/2020, 2:58 PM",SKA,NO BLOOM,,NOT REPORTED,HAB_Report
0707SKA0193,0707SKA0193_3506,SHORE,"8/31/2020, 2:14 PM",SKA,NO BLOOM,,NOT REPORTED,HAB_Report
0707SKA0193,0707SKA0193_3506,SHORE,"9/8/2020, 1:48 PM",SKA,NO BLOOM,,NOT REPORTED,HAB_Report
0707SKA0193,0707SKA0193_3506,SHORE,"9/14/2020, 12:24 PM",SKA,NO BLOOM,,NOT REPORTED,HAB_Report
0707SKA0193,0707SKA0193_3506,SHORE,"9/21/2020, 11:55 AM",SKA,NO BLOOM,,NOT REPORTED,HAB_Report
0707SKA0193,0707SKA0193_3506,SHORE,"9/29/2020, 4:05 PM",SKA,NO BLOOM,,NOT REPORTED,HAB_Report
0707SKA0193,0707SKA0193_3506,SHORE,"10/5/2020, 2:30 PM",SKA,NO BLOOM,,NOT REPORTED,HAB_Report
0707SKA0193,0707SKA0193_3506,SHORE,"10/12/2020, 4:30 PM",SKA,NO BLOOM,,NOT REPORTED,HAB_Report
0707SKA0193,0707SKA0193_3507,SHORE,"8/11/2018, 8:00 PM",SKA,NO BLOOM,"8/13/2018, 8:00 PM",NOT REPORTED,ShoreBloom_Sample
0707SKA0193,0707SKA0193_3507,SHORE,"9/15/2018, 8:00 PM",SKA,NO BLOOM,,NOT REPORTED,ShoreBloom_Sample
0707SKA0193,0707SKA0193_3507,SHORE,"7/20/2019, 8:00 PM",SKA,NO BLOOM,,NO BLOOM PRESENT,HAB_Report
0707SKA0193,0707SKA0193_3507,SHORE,"8/11/2019, 8:00 PM",SKA,NO BLOOM,,NO BLOOM PRESENT,HAB_Report
0707SKA0193,0707SKA0193_3507,SHORE,"9/2/2019, 8:00 PM",SKA,NO BLOOM,"9/4/2019, 8:00 PM",NOT REPORTED,ShoreBloom_Sample
0707SKA0193,0707SKA0193_3507,SHORE,"9/7/2019, 8:00 PM",SKA,NO BLOOM,,NO BLOOM PRESENT,HAB_Report
0707SKA0193,0707SKA0193_3507,SHORE,"9/16/2019, 8:00 PM",SKA,NO BLOOM,,NO BLOOM PRESENT,HAB_Report
0707SKA0193,0707SKA0193_3507,SHORE,"10/1/2019, 8:00 PM",SKA,NO BLOOM,,NO BLOOM PRESENT,HAB_Report
0707SKA0193,0707SKA0193_3507,SHORE,"7/12/2020, 8:22 PM",SKA,NO BLOOM,,NOT REPORTED,HAB_Report
0707SKA0193,0707SKA0193_3507,SHORE,"7/19/2020, 7:06 PM",SKA,NO BLOOM,,NOT REPORTED,HAB_Report
0707SKA0193,0707SKA0193_3507,SHORE,"7/26/2020, 6:18 PM",SKA,NO BLOOM,,NOT REPORTED,HAB_Report
0707SKA0193,0707SKA0193_3507,SHORE,"8/3/2020, 8:14 AM",SKA,NO BLOOM,,NOT REPORTED,HAB_Report
0707SKA0193,0707SKA0193_3507,SHORE,"8/9/2020, 7:39 PM",SKA,NO BLOOM,,NOT REPORTED,HAB_Report
0707SKA0193,0707SKA0193_3507,SHORE,"8/17/2020, 5:04 PM",SKA,NO BLOOM,,NOT REPORTED,HAB_Report
0707SKA0193,0707SKA0193_3507,SHORE,"8/24/2020, 2:10 PM",SKA,NO BLOOM,,NOT REPORTED,HAB_Report
0707SKA0193,0707SKA0193_3507,SHORE,"8/31/2020, 3:38 PM",SKA,NO BLOOM,,NOT REPORTED,HAB_Report
0707SKA0193,0707SKA0193_3507,SHORE,"9/7/2020, 5:11 PM",SKA,NO BLOOM,,NOT REPORTED,HAB_Report
0707SKA0193,0707SKA0193_3507,SHORE,"9/22/2020, 12:01 PM",SKA,NO BLOOM,,NOT REPORTED,HAB_Report
0707SKA0193,0707SKA0193_3507,SHORE,"10/5/2020, 9:26 AM",SKA,NO BLOOM,,NOT REPORTED,HAB_Report
0707SKA0193,0707SKA0193_3507,SHORE,"10/12/2020, 4:55 PM",SKA,NO BLOOM,,NOT REPORTED,HAB_Report
0707SKA0193,0707SKA0193_3508,SHORE,"7/14/2019, 8:00 PM",SKA,NO BLOOM,,NO BLOOM PRESENT,HAB_Report
0707SKA0193,0707SKA0193_3508,SHORE,"7/21/2019, 8:00 PM",SKA,NO BLOOM,,NO BLOOM PRESENT,HAB_Report
0707SKA0193,0707SKA0193_3508,SHORE,"7/28/2019, 8:00 PM",SKA,NO BLOOM,,NO BLOOM PRESENT,HAB_Report
0707SKA0193,0707SKA0193_3508,SHORE,"8/4/2019, 8:00 PM",SKA,NO BLOOM,,NO BLOOM PRESENT,HAB_Report
0707SKA0193,0707SKA0193_3508,SHORE,"8/11/2019, 8:00 PM",SKA,NO BLOOM,,NO BLOOM PRESENT,HAB_Report
0707SKA0193,0707SKA0193_3508,SHORE,"8/18/2019, 8:00 PM",SKA,NO BLOOM,,NO BLOOM PRESENT,HAB_Report
0707SKA0193,0707SKA0193_3508,SHORE,"8/24/2019, 8:00 PM",SKA,NO BLOOM,,NO BLOOM PRESENT,HAB_Report
0707SKA0193,0707SKA0193_3508,SHORE,"9/2/2019, 8:00 PM",SKA,NO BLOOM,,NO BLOOM PRESENT,HAB_Report
0707SKA0193,0707SKA0193_3508,SHORE,"9/8/2019, 8:00 PM",SKA,NO BLOOM,,NO BLOOM PRESENT,HAB_Report
0707SKA0193,0707SKA0193_3508,SHORE,"9/15/2019, 8:00 PM",SKA,NO BLOOM,,NO BLOOM PRESENT,HAB_Report
0707SKA0193,0707SKA0193_3508,SHORE,"7/13/2020, 7:34 AM",SKA,NO BLOOM,,NOT REPORTED,HAB_Report
0707SKA0193,0707SKA0193_3508,SHORE,"7/21/2020, 2:34 PM",SKA,NO BLOOM,,NOT REPORTED,HAB_Report
0707SKA0193,0707SKA0193_3508,SHORE,"7/27/2020, 8:51 PM",SKA,NO BLOOM,,NOT REPORTED,HAB_Report
0707SKA0193,0707SKA0193_3508,SHORE,"8/10/2020, 9:51 AM",SKA,NO BLOOM,,NOT REPORTED,HAB_Report
0707SKA0193,0707SKA0193_3508,SHORE,"8/17/2020, 8:02 AM",SKA,NO BLOOM,,NOT REPORTED,HAB_Report
0707SKA0193,0707SKA0193_3508,SHORE,"8/24/2020, 2:14 PM",SKA,NO BLOOM,,NOT REPORTED,HAB_Report
0707SKA0193,0707SKA0193_3508,SHORE,"9/1/2020, 7:52 AM",SKA,NO BLOOM,,NOT REPORTED,HAB_Report
0707SKA0193,0707SKA0193_3508,SHORE,"9/8/2020, 7:53 AM",SKA,NO BLOOM,,NOT REPORTED,HAB_Report
0707SKA0193,0707SKA0193_3509,SHORE,"7/15/2019, 8:00 PM",SKA,NO BLOOM,,NO BLOOM PRESENT,HAB_Report
0707SKA0193,0707SKA0193_3509,SHORE,"7/22/2019, 8:00 PM",SKA,NO BLOOM,,NO BLOOM PRESENT,HAB_Report
0707SKA0193,0707SKA0193_3509,SHORE,"7/29/2019, 8:00 PM",SKA,NO BLOOM,,NO BLOOM PRESENT,HAB_Report
0707SKA0193,0707SKA0193_3509,SHORE,"8/6/2019, 8:00 PM",SKA,NO BLOOM,,NO BLOOM PRESENT,HAB_Report
0707SKA0193,0707SKA0193_3509,SHORE,"8/13/2019, 8:00 PM",SKA,NO BLOOM,,NO BLOOM PRESENT,HAB_Report
0707SKA0193,0707SKA0193_3509,SHORE,"8/20/2019, 8:00 PM",SKA,NO BLOOM,,NO BLOOM PRESENT,HAB_Report
0707SKA0193,0707SKA0193_3509,SHORE,"8/27/2019, 8:00 PM",SKA,NO BLOOM,,NO BLOOM PRESENT,HAB_Report
0707SKA0193,0707SKA0193_3509,SHORE,"9/2/2019, 8:00 PM",SKA,NO BLOOM,,NO BLOOM PRESENT,HAB_Report
0707SKA0193,0707SKA0193_3509,SHORE,"9/9/2019, 8:00 PM",SKA,NO BLOOM,,NO BLOOM PRESENT,HAB_Report
0707SKA0193,0707SKA0193_3509,SHORE,"9/16/2019, 8:00 PM",SKA,NO BLOOM,,NO BLOOM PRESENT,HAB_Report
0707SKA0193,0707SKA0193_3509,SHORE,"9/20/2019, 8:00 PM",SKA,NO BLOOM,,NO BLOOM PRESENT,HAB_Report
0707SKA0193,0707SKA0193_3509,SHORE,"9/22/2019, 8:00 PM",SKA,NO BLOOM,,NO BLOOM PRESENT,HAB_Report
0707SKA0193,0707SKA0193_3509,SHORE,"9/29/2019, 8:00 PM",SKA,NO BLOOM,,NO BLOOM PRESENT,HAB_Report
0707SKA0193,0707SKA0193_3509,SHORE,"10/7/2019, 8:00 PM",SKA,NO BLOOM,,NO BLOOM PRESENT,HAB_Report
0707SKA0193,0707SKA0193_3509,SHORE,"10/14/2019, 8:00 PM",SKA,NO BLOOM,,NO BLOOM PRESENT,HAB_Report
0707SKA0193,0707SKA0193_3509,SHORE,"7/14/2020, 1:24 PM",SKA,NO BLOOM,,NOT REPORTED,HAB_Report
0707SKA0193,0707SKA0193_3509,SHORE,"7/21/2020, 2:00 PM",SKA,NO BLOOM,,NOT REPORTED,HAB_Report
0707SKA0193,0707SKA0193_3509,SHORE,"7/28/2020, 12:13 PM",SKA,NO BLOOM,,NOT REPORTED,HAB_Report
0707SKA0193,0707SKA0193_3509,SHORE,"8/4/2020, 12:15 PM",SKA,NO BLOOM,,NOT REPORTED,HAB_Report
0707SKA0193,0707SKA0193_3509,SHORE,"8/10/2020, 1:09 PM",SKA,NO BLOOM,,NOT REPORTED,HAB_Report
0707SKA0193,0707SKA0193_3509,SHORE,"8/11/2020, 1:10 PM",SKA,NO BLOOM,,NOT REPORTED,HAB_Report
0707SKA0193,0707SKA0193_3509,SHORE,"8/12/2020, 1:18 PM",SKA,NO BLOOM,,NOT REPORTED,HAB_Report
0707SKA0193,0707SKA0193_3509,SHORE,"8/18/2020, 1:00 PM",SKA,NO BLOOM,,NOT REPORTED,HAB_Report
0707SKA0193,0707SKA0193_3509,SHORE,"8/25/2020, 11:15 AM",SKA,NO BLOOM,,NOT REPORTED,HAB_Report
0707SKA0193,0707SKA0193_3509,SHORE,"9/1/2020, 1:06 PM",SKA,NO BLOOM,,NOT REPORTED,HAB_Report
0707SKA0193,0707SKA0193_3509,SHORE,"9/8/2020, 12:30 PM",SKA,NO BLOOM,,NOT REPORTED,HAB_Report
0707SKA0193,0707SKA0193_3509,SHORE,"9/15/2020, 2:00 PM",SKA,NO BLOOM,,NOT REPORTED,HAB_Report
0707SKA0193,0707SKA0193_3509,SHORE,"9/22/2020, 1:30 PM",SKA,NO BLOOM,,NOT REPORTED,HAB_Report
0707SKA0193,0707SKA0193_3509,SHORE,"9/29/2020, 1:49 PM",SKA,NO BLOOM,,NOT REPORTED,HAB_Report
0707SKA0193,0707SKA0193_3509,SHORE,"10/6/2020, 12:37 PM",SKA,NO BLOOM,,NOT REPORTED,HAB_Report
0707SKA0193,0707SKA0193_3509,SHORE,"10/13/2020, 11:34 AM",SKA,NO BLOOM,,NOT REPORTED,HAB_Report
0707SKA0193,0707SKA0193_3510,SHORE,"9/12/2018, 8:00 PM",SKA,CONFIRMED,"9/13/2018, 8:00 PM",SMALL LOCALIZED,ShoreBloom_Sample
0707SKA0193,0707SKA0193_3510,SHORE,"7/14/2019, 8:00 PM",SKA,NO BLOOM,,NO BLOOM PRESENT,HAB_Report
0707SKA0193,0707SKA0193_3510,SHORE,"7/21/2019, 8:00 PM",SKA,NO BLOOM,,NO BLOOM PRESENT,HAB_Report
0707SKA0193,0707SKA0193_3510,SHORE,"8/4/2019, 8:00 PM",SKA,NO BLOOM,,NO BLOOM PRESENT,HAB_Report
0707SKA0193,0707SKA0193_3510,SHORE,"8/11/2019, 8:00 PM",SKA,NO BLOOM,,NO BLOOM PRESENT,HAB_Report
0707SKA0193,0707SKA0193_3510,SHORE,"8/18/2019, 8:00 PM",SKA,NO BLOOM,,NO BLOOM PRESENT,HAB_Report
0707SKA0193,0707SKA0193_3510,SHORE,"8/25/2019, 8:00 PM",SKA,NO BLOOM,,NO BLOOM PRESENT,HAB_Report
0707SKA0193,0707SKA0193_3510,SHORE,"9/2/2019, 8:00 PM",SKA,NO BLOOM,,NO BLOOM PRESENT,HAB_Report
0707SKA0193,0707SKA0193_3510,SHORE,"9/8/2019, 8:00 PM",SKA,NO BLOOM,,NO BLOOM PRESENT,HAB_Report
0707SKA0193,0707SKA0193_3510,SHORE,"9/16/2019, 8:00 PM",SKA,NO BLOOM,,NO BLOOM PRESENT,HAB_Report
0707SKA0193,0707SKA0193_3510,SHORE,"9/23/2019, 8:00 PM",SKA,NO BLOOM,,NO BLOOM PRESENT,HAB_Report
0707SKA0193,0707SKA0193_3510,SHORE,"9/30/2019, 8:00 PM",SKA,NO BLOOM,,NO BLOOM PRESENT,HAB_Report
0707SKA0193,0707SKA0193_3510,SHORE,"10/8/2019, 8:00 PM",SKA,NO BLOOM,,NO BLOOM PRESENT,HAB_Report
0707SKA0193,0707SKA0193_3510,SHORE,"10/14/2019, 8:00 PM",SKA,NO BLOOM,,NO BLOOM PRESENT,HAB_Report
0707SKA0193,0707SKA0193_3510,SHORE,"10/12/2020, 5:30 PM",SKA,NO BLOOM,,NOT REPORTED,HAB_Report
0707SKA0193,0707SKA0193_3511,SHORE,"7/21/2019, 8:00 PM",SKA,NO BLOOM,,NO BLOOM PRESENT,HAB_Report
0707SKA0193,0707SKA0193_3511,SHORE,"8/5/2019, 8:00 PM",SKA,NO BLOOM,,NO BLOOM PRESENT,HAB_Report
0707SKA0193,0707SKA0193_3511,SHORE,"8/12/2019, 8:00 PM",SKA,NO BLOOM,,NO BLOOM PRESENT,HAB_Report
0707SKA0193,0707SKA0193_3511,SHORE,"8/20/2019, 8:00 PM",SKA,NO BLOOM,,NO BLOOM PRESENT,HAB_Report
0707SKA0193,0707SKA0193_3511,SHORE,"8/25/2019, 8:00 PM",SKA,NO BLOOM,,NO BLOOM PRESENT,HAB_Report
0707SKA0193,0707SKA0193_3511,SHORE,"8/31/2019, 8:00 PM",SKA,NO BLOOM,,NO BLOOM PRESENT,HAB_Report
0707SKA0193,0707SKA0193_3511,SHORE,"9/22/2019, 8:00 PM",SKA,NO BLOOM,,NO BLOOM PRESENT,HAB_Report
0707SKA0193,0707SKA0193_3512,SHORE,"7/6/2019, 8:00 PM",SKA,NO BLOOM,,NO BLOOM PRESENT,HAB_Report
0707SKA0193,0707SKA0193_3512,SHORE,"7/13/2019, 8:00 PM",SKA,NO BLOOM,,NO BLOOM PRESENT,HAB_Report
0707SKA0193,0707SKA0193_3512,SHORE,"7/21/2019, 8:00 PM",SKA,NO BLOOM,,NO BLOOM PRESENT,HAB_Report
0707SKA0193,0707SKA0193_3512,SHORE,"7/28/2019, 8:00 PM",SKA,NO BLOOM,,NO BLOOM PRESENT,HAB_Report
0707SKA0193,0707SKA0193_3512,SHORE,"8/18/2019, 8:00 PM",SKA,NO BLOOM,,NO BLOOM PRESENT,HAB_Report
0707SKA0193,0707SKA0193_3512,SHORE,"8/25/2019, 8:00 PM",SKA,NO BLOOM,,NO BLOOM PRESENT,HAB_Report
0707SKA0193,0707SKA0193_3512,SHORE,"9/1/2019, 8:00 PM",SKA,NO BLOOM,,NO BLOOM PRESENT,HAB_Report
0707SKA0193,0707SKA0193_3512,SHORE,"9/8/2019, 8:00 PM",SKA,NO BLOOM,,NO BLOOM PRESENT,HAB_Report
0707SKA0193,0707SKA0193_3512,SHORE,"7/12/2020, 4:56 PM",SKA,NO BLOOM,,NOT REPORTED,HAB_Report
0707SKA0193,0707SKA0193_3512,SHORE,"7/19/2020, 12:10 PM",SKA,NO BLOOM,,NOT REPORTED,HAB_Report
0707SKA0193,0707SKA0193_3512,SHORE,"8/2/2020, 3:28 PM",SKA,NO BLOOM,,NOT REPORTED,HAB_Report
0707SKA0193,0707SKA0193_3512,SHORE,"8/16/2020, 5:00 PM",SKA,NO BLOOM,,NOT REPORTED,HAB_Report
0707SKA0193,0707SKA0193_3512,SHORE,"8/23/2020, 3:42 PM",SKA,NO BLOOM,,NOT REPORTED,HAB_Report
0707SKA0193,0707SKA0193_3512,SHORE,"8/30/2020, 3:30 PM",SKA,NO BLOOM,,NOT REPORTED,HAB_Report
0707SKA0193,0707SKA0193_3512,SHORE,"9/6/2020, 1:23 PM",SKA,NO BLOOM,,NOT REPORTED,HAB_Report
0707SKA0193,0707SKA0193_3512,SHORE,"9/13/2020, 12:00 PM",SKA,NO BLOOM,,NOT REPORTED,HAB_Report
0707SKA0193,0707SKA0193_3512,SHORE,"9/20/2020, 12:27 PM",SKA,NO BLOOM,,NOT REPORTED,HAB_Report
0707SKA0193,0707SKA0193_3512,SHORE,"9/27/2020, 1:00 PM",SKA,NO BLOOM,,NOT REPORTED,HAB_Report
0707SKA0193,0707SKA0193_3512,SHORE,"10/4/2020, 11:02 AM",SKA,NO BLOOM,,NOT REPORTED,HAB_Report
0707SKA0193,0707SKA0193_3513,SHORE,"7/14/2019, 8:00 PM",SKA,NO BLOOM,,NO BLOOM PRESENT,HAB_Report
0707SKA0193,0707SKA0193_3513,SHORE,"7/22/2019, 8:00 PM",SKA,NO BLOOM,,NO BLOOM PRESENT,HAB_Report
0707SKA0193,0707SKA0193_3513,SHORE,"7/28/2019, 8:00 PM",SKA,NO BLOOM,,NO BLOOM PRESENT,HAB_Report
0707SKA0193,0707SKA0193_3513,SHORE,"8/4/2019, 8:00 PM",SKA,NO BLOOM,,NO BLOOM PRESENT,HAB_Report
0707SKA0193,0707SKA0193_3513,SHORE,"8/11/2019, 8:00 PM",SKA,NO BLOOM,,NO BLOOM PRESENT,HAB_Report
0707SKA0193,0707SKA0193_3513,SHORE,"8/18/2019, 8:00 PM",SKA,NO BLOOM,,NO BLOOM PRESENT,HAB_Report
0707SKA0193,0707SKA0193_3513,SHORE,"8/25/2019, 8:00 PM",SKA,NO BLOOM,,NO BLOOM PRESENT,HAB_Report
0707SKA0193,0707SKA0193_3513,SHORE,"9/1/2019, 8:00 PM",SKA,NO BLOOM,,NO BLOOM PRESENT,HAB_Report
0707SKA0193,0707SKA0193_3513,SHORE,"9/8/2019, 8:00 PM",SKA,NO BLOOM,,NO BLOOM PRESENT,HAB_Report
0707SKA0193,0707SKA0193_3513,SHORE,"9/22/2019, 8:00 PM",SKA,NO BLOOM,,NO BLOOM PRESENT,HAB_Report
0707SKA0193,0707SKA0193_3513,SHORE,"9/29/2019, 8:00 PM",SKA,NO BLOOM,,NO BLOOM PRESENT,HAB_Report
0707SKA0193,0707SKA0193_3513,SHORE,"10/6/2019, 8:00 PM",SKA,NO BLOOM,,NO BLOOM PRESENT,HAB_Report
0707SKA0193,0707SKA0193_3513,SHORE,"10/13/2019, 8:00 PM",SKA,NO BLOOM,,NO BLOOM PRESENT,HAB_Report
0707SKA0193,0707SKA0193_3513,SHORE,"7/12/2020, 4:00 PM",SKA,NO BLOOM,,NOT REPORTED,HAB_Report
0707SKA0193,0707SKA0193_3513,SHORE,"7/21/2020, 6:45 PM",SKA,NO BLOOM,,NOT REPORTED,HAB_Report
0707SKA0193,0707SKA0193_3513,SHORE,"7/25/2020, 5:00 PM",SKA,NO BLOOM,,NOT REPORTED,HAB_Report
0707SKA0193,0707SKA0193_3513,SHORE,"8/2/2020, 1:00 PM",SKA,NO BLOOM,,NOT REPORTED,HAB_Report
0707SKA0193,0707SKA0193_3513,SHORE,"8/9/2020, 4:30 PM",SKA,NO BLOOM,,NOT REPORTED,HAB_Report
0707SKA0193,0707SKA0193_3513,SHORE,"8/16/2020, 4:00 PM",SKA,NO BLOOM,,NOT REPORTED,HAB_Report
0707SKA0193,0707SKA0193_3513,SHORE,"8/23/2020, 5:00 PM",SKA,NO BLOOM,,NOT REPORTED,HAB_Report
0707SKA0193,0707SKA0193_3513,SHORE,"8/28/2020, 5:00 PM",SKA,NO BLOOM,,NOT REPORTED,HAB_Report
0707SKA0193,0707SKA0193_3513,SHORE,"9/7/2020, 5:00 PM",SKA,NO BLOOM,,NOT REPORTED,HAB_Report
0707SKA0193,0707SKA0193_3513,SHORE,"9/12/2020, 6:00 PM",SKA,NO BLOOM,,NOT REPORTED,HAB_Report
0707SKA0193,0707SKA0193_3513,SHORE,"9/20/2020, 6:00 PM",SKA,NO BLOOM,,NOT REPORTED,HAB_Report
0707SKA0193,0707SKA0193_3513,SHORE,"9/27/2020, 6:15 PM",SKA,NO BLOOM,,NOT REPORTED,HAB_Report
0707SKA0193,0707SKA0193_3513,SHORE,"10/3/2020, 5:30 PM",SKA,NO BLOOM,,NOT REPORTED,HAB_Report
0707SKA0193,0707SKA0193_3513,SHORE,"10/11/2020, 5:30 PM",SKA,NO BLOOM,,NOT REPORTED,HAB_Report
0707SKA0193,0707SKA0193_3514,SHORE,"7/20/2019, 8:00 PM",SKA,NO BLOOM,,NO BLOOM PRESENT,HAB_Report
0707SKA0193,0707SKA0193_3514,SHORE,"8/5/2019, 8:00 PM",SKA,NO BLOOM,,NO BLOOM PRESENT,HAB_Report
0707SKA0193,0707SKA0193_3514,SHORE,"8/20/2019, 8:00 PM",SKA,NO BLOOM,,NO BLOOM PRESENT,HAB_Report
0707SKA0193,0707SKA0193_3514,SHORE,"9/3/2019, 8:00 PM",SKA,NO BLOOM,,NO BLOOM PRESENT,HAB_Report
0707SKA0193,0707SKA0193_3514,SHORE,"7/12/2020, 4:00 PM",SKA,NO BLOOM,,NOT REPORTED,HAB_Report
0707SKA0193,0707SKA0193_3514,SHORE,"7/21/2020, 6:45 PM",SKA,NO BLOOM,,NOT REPORTED,HAB_Report
0707SKA0193,0707SKA0193_3514,SHORE,"7/25/2020, 5:00 PM",SKA,NO BLOOM,,NOT REPORTED,HAB_Report
0707SKA0193,0707SKA0193_3514,SHORE,"8/2/2020, 12:00 PM",SKA,NO BLOOM,,NOT REPORTED,HAB_Report
0707SKA0193,0707SKA0193_3514,SHORE,"8/9/2020, 1:30 PM",SKA,NO BLOOM,,NOT REPORTED,HAB_Report
0707SKA0193,0707SKA0193_3514,SHORE,"8/16/2020, 4:00 PM",SKA,NO BLOOM,,NOT REPORTED,HAB_Report
0707SKA0193,0707SKA0193_3514,SHORE,"8/23/2020, 5:00 PM",SKA,NO BLOOM,,NOT REPORTED,HAB_Report
0707SKA0193,0707SKA0193_3514,SHORE,"8/28/2020, 10:22 AM",SKA,NO BLOOM,,NOT REPORTED,HAB_Report
0707SKA0193,0707SKA0193_3514,SHORE,"9/7/2020, 4:30 PM",SKA,NO BLOOM,,NOT REPORTED,HAB_Report
0707SKA0193,0707SKA0193_3514,SHORE,"9/12/2020, 6:00 PM",SKA,NO BLOOM,,NOT REPORTED,HAB_Report
0707SKA0193,0707SKA0193_3514,SHORE,"9/20/2020, 5:45 PM",SKA,NO BLOOM,,NOT REPORTED,HAB_Report
0707SKA0193,0707SKA0193_3514,SHORE,"9/27/2020, 6:00 PM",SKA,NO BLOOM,,NOT REPORTED,HAB_Report
0707SKA0193,0707SKA0193_3514,SHORE,"10/3/2020, 5:30 PM",SKA,NO BLOOM,,NOT REPORTED,HAB_Report
0707SKA0193,0707SKA0193_3514,SHORE,"10/11/2020, 5:00 PM",SKA,NO BLOOM,,NOT REPORTED,HAB_Report
0707SKA0193,0707SKA0193_3516,SHORE,"7/14/2019, 8:00 PM",SKA,NO BLOOM,,NO BLOOM PRESENT,HAB_Report
0707SKA0193,0707SKA0193_3516,SHORE,"7/21/2019, 8:00 PM",SKA,NO BLOOM,,NO BLOOM PRESENT,HAB_Report
0707SKA0193,0707SKA0193_3516,SHORE,"7/28/2019, 8:00 PM",SKA,NO BLOOM,,NO BLOOM PRESENT,HAB_Report
0707SKA0193,0707SKA0193_3516,SHORE,"8/4/2019, 8:00 PM",SKA,NO BLOOM,,NO BLOOM PRESENT,HAB_Report
0707SKA0193,0707SKA0193_3516,SHORE,"8/19/2019, 8:00 PM",SKA,NO BLOOM,,NO BLOOM PRESENT,HAB_Report
0707SKA0193,0707SKA0193_3516,SHORE,"8/24/2019, 8:00 PM",SKA,NO BLOOM,,NO BLOOM PRESENT,HAB_Report
0707SKA0193,0707SKA0193_3516,SHORE,"9/7/2019, 8:00 PM",SKA,NO BLOOM,,NO BLOOM PRESENT,HAB_Report
0707SKA0193,0707SKA0193_3516,SHORE,"9/22/2019, 8:00 PM",SKA,NO BLOOM,,NO BLOOM PRESENT,HAB_Report
0707SKA0193,0707SKA0193_3516,SHORE,"7/13/2020, 11:06 AM",SKA,NO BLOOM,,NOT REPORTED,HAB_Report
0707SKA0193,0707SKA0193_3516,SHORE,"7/21/2020, 10:30 AM",SKA,NO BLOOM,,NOT REPORTED,HAB_Report
0707SKA0193,0707SKA0193_3516,SHORE,"7/27/2020, 9:49 AM",SKA,NO BLOOM,,NOT REPORTED,HAB_Report
0707SKA0193,0707SKA0193_3516,SHORE,"8/4/2020, 6:59 AM",SKA,NO BLOOM,,NOT REPORTED,HAB_Report
0707SKA0193,0707SKA0193_3516,SHORE,"8/10/2020, 10:18 AM",SKA,NO BLOOM,,NOT REPORTED,HAB_Report
0707SKA0193,0707SKA0193_3516,SHORE,"8/24/2020, 8:49 AM",SKA,NO BLOOM,,NOT REPORTED,HAB_Report
0707SKA0193,0707SKA0193_3516,SHORE,"9/6/2020, 11:26 AM",SKA,NO BLOOM,,NOT REPORTED,HAB_Report
0707SKA0193,0707SKA0193_3516,SHORE,"9/14/2020, 12:34 PM",SKA,NO BLOOM,,NOT REPORTED,HAB_Report
0707SKA0193,0707SKA0193_3516,SHORE,"9/25/2020, 12:43 PM",SKA,NO BLOOM,,NOT REPORTED,HAB_Report
0707SKA0193,0707SKA0193_3516,SHORE,"10/5/2020, 12:21 PM",SKA,NO BLOOM,,NOT REPORTED,HAB_Report
0707SKA0193,0707SKA0193_3517,SHORE,"7/14/2019, 8:00 PM",SKA,NO BLOOM,,NO BLOOM PRESENT,HAB_Report
0707SKA0193,0707SKA0193_3517,SHORE,"7/24/2019, 8:00 PM",SKA,NO BLOOM,,NO BLOOM PRESENT,HAB_Report
0707SKA0193,0707SKA0193_3517,SHORE,"8/10/2019, 8:00 PM",SKA,NO BLOOM,,NO BLOOM PRESENT,HAB_Report
0707SKA0193,0707SKA0193_3517,SHORE,"8/20/2019, 8:00 PM",SKA,NO BLOOM,,NO BLOOM PRESENT,HAB_Report
0707SKA0193,0707SKA0193_3517,SHORE,"9/2/2019, 8:00 PM",SKA,NO BLOOM,,NO BLOOM PRESENT,HAB_Report
0707SKA0193,0707SKA0193_3517,SHORE,"6/17/2020, 7:28 AM",SKA,NO BLOOM,,NOT REPORTED,HAB_Report
0707SKA0193,0707SKA0193_3517,SHORE,"7/14/2020, 1:27 PM",SKA,NO BLOOM,,NOT REPORTED,HAB_Report
0707SKA0193,0707SKA0193_3517,SHORE,"7/30/2020, 2:40 PM",SKA,NO BLOOM,,NOT REPORTED,HAB_Report
0707SKA0193,0707SKA0193_3517,SHORE,"8/10/2020, 3:05 PM",SKA,NO BLOOM,,NOT REPORTED,HAB_Report
0707SKA0193,0707SKA0193_3517,SHORE,"8/13/2020, 11:19 AM",SKA,NO BLOOM,,NOT REPORTED,HAB_Report
0707SKA0193,0707SKA0193_3517,SHORE,"8/21/2020, 11:05 AM",SKA,NO BLOOM,,NOT REPORTED,HAB_Report
0707SKA0193,0707SKA0193_3517,SHORE,"9/8/2020, 1:04 PM",SKA,NO BLOOM,,NOT REPORTED,HAB_Report
0707SKA0193,0707SKA0193_3517,SHORE,"9/28/2020, 6:41 PM",SKA,NO BLOOM,,NOT REPORTED,HAB_Report
0707SKA0193,0707SKA0193_3519,SHORE,"7/13/2020, 11:22 AM",SKA,NO BLOOM,,NOT REPORTED,HAB_Report
0707SKA0193,0707SKA0193_3519,SHORE,"7/20/2020, 10:19 AM",SKA,NO BLOOM,,NOT REPORTED,HAB_Report
0707SKA0193,0707SKA0193_3519,SHORE,"7/27/2020, 8:17 AM",SKA,NO BLOOM,,NOT REPORTED,HAB_Report
0707SKA0193,0707SKA0193_3519,SHORE,"8/3/2020, 5:42 PM",SKA,NO BLOOM,,NOT REPORTED,HAB_Report
0707SKA0193,0707SKA0193_3519,SHORE,"8/10/2020, 9:19 AM",SKA,NO BLOOM,,NOT REPORTED,HAB_Report
0707SKA0193,0707SKA0193_3519,SHORE,"8/17/2020, 7:49 AM",SKA,NO BLOOM,,NOT REPORTED,HAB_Report
0707SKA0193,0707SKA0193_3519,SHORE,"8/24/2020, 1:18 PM",SKA,NO BLOOM,,NOT REPORTED,HAB_Report
0707SKA0193,0707SKA0193_3519,SHORE,"9/25/2020, 5:39 PM",SKA,NO BLOOM,,NOT REPORTED,HAB_Report
0707SKA0193,0707SKA0193_3519,SHORE,"9/28/2020, 3:00 PM",SKA,NO BLOOM,,NOT REPORTED,HAB_Report
0707SKA0193,0707SKA0193_3519,SHORE,"10/13/2020, 7:10 AM",SKA,NO BLOOM,,NOT REPORTED,HAB_Report
0707SKA0193,0707SKA0193_3520,SHORE,"7/21/2020, 12:59 PM",SKA,NO BLOOM,,NOT REPORTED,HAB_Report
0707SKA0193,0707SKA0193_3521,SHORE,"7/18/2019, 8:00 PM",SKA,NO BLOOM,,NO BLOOM PRESENT,HAB_Report
0707SKA0193,0707SKA0193_3521,SHORE,"7/21/2019, 8:00 PM",SKA,NO BLOOM,,NO BLOOM PRESENT,HAB_Report
0707SKA0193,0707SKA0193_3521,SHORE,"7/27/2019, 8:00 PM",SKA,NO BLOOM,,NO BLOOM PRESENT,HAB_Report
0707SKA0193,0707SKA0193_3521,SHORE,"7/28/2019, 8:00 PM",SKA,NO BLOOM,,NO BLOOM PRESENT,HAB_Report
0707SKA0193,0707SKA0193_3521,SHORE,"8/4/2019, 8:00 PM",SKA,NO BLOOM,,NO BLOOM PRESENT,HAB_Report
0707SKA0193,0707SKA0193_3521,SHORE,"8/11/2019, 8:00 PM",SKA,NO BLOOM,,NO BLOOM PRESENT,HAB_Report
0707SKA0193,0707SKA0193_3521,SHORE,"8/18/2019, 8:00 PM",SKA,NO BLOOM,,NO BLOOM PRESENT,HAB_Report
0707SKA0193,0707SKA0193_3521,SHORE,"8/26/2019, 8:00 PM",SKA,NO BLOOM,,NO BLOOM PRESENT,HAB_Report
0707SKA0193,0707SKA0193_3521,SHORE,"9/2/2019, 8:00 PM",SKA,NO BLOOM,,NO BLOOM PRESENT,HAB_Report
0707SKA0193,0707SKA0193_3521,SHORE,"9/8/2019, 8:00 PM",SKA,NO BLOOM,,NO BLOOM PRESENT,HAB_Report
0707SKA0193,0707SKA0193_3521,SHORE,"9/20/2019, 8:00 PM",SKA,NO BLOOM,,NO BLOOM PRESENT,HAB_Report
0707SKA0193,0707SKA0193_3521,SHORE,"9/22/2019, 8:00 PM",SKA,NO BLOOM,,NO BLOOM PRESENT,HAB_Report
0707SKA0193,0707SKA0193_3521,SHORE,"9/29/2019, 8:00 PM",SKA,NO BLOOM,,NO BLOOM PRESENT,HAB_Report
0707SKA0193,0707SKA0193_3521,SHORE,"7/13/2020, 12:21 PM",SKA,NO BLOOM,,NOT REPORTED,HAB_Report
0707SKA0193,0707SKA0193_3521,SHORE,"7/21/2020, 2:15 PM",SKA,NO BLOOM,,NOT REPORTED,HAB_Report
0707SKA0193,0707SKA0193_3521,SHORE,"7/27/2020, 9:52 AM",SKA,NO BLOOM,,NOT REPORTED,HAB_Report
0707SKA0193,0707SKA0193_3521,SHORE,"8/8/2020, 4:55 PM",SKA,NO BLOOM,,NOT REPORTED,HAB_Report
0707SKA0193,0707SKA0193_3521,SHORE,"8/9/2020, 10:00 AM",SKA,NO BLOOM,,NOT REPORTED,HAB_Report
0707SKA0193,0707SKA0193_3521,SHORE,"8/16/2020, 12:00 PM",SKA,NO BLOOM,,NOT REPORTED,HAB_Report
0707SKA0193,0707SKA0193_3521,SHORE,"8/23/2020, 12:00 PM",SKA,NO BLOOM,,NOT REPORTED,HAB_Report
0707SKA0193,0707SKA0193_3521,SHORE,"8/31/2020, 12:30 PM",SKA,NO BLOOM,,NOT REPORTED,HAB_Report
0707SKA0193,0707SKA0193_3521,SHORE,"9/8/2020, 4:13 PM",SKA,NO BLOOM,,NOT REPORTED,HAB_Report
0707SKA0193,0707SKA0193_3523,SHORE,"7/14/2019, 8:00 PM",SKA,NO BLOOM,,NO BLOOM PRESENT,HAB_Report
0707SKA0193,0707SKA0193_3523,SHORE,"7/30/2020, 8:20 PM",CSL,NO BLOOM,,NOT REPORTED,HAB_Report
0707SKA0193,0707SKA0193_3523,SHORE,"8/11/2020, 1:38 PM",SKA,NO BLOOM,,NOT REPORTED,HAB_Report
0707SKA0193,0707SKA0193_3524,SHORE,"8/6/2018, 8:00 PM",SKA,CONFIRMED WITH HIGH TOXINS,"8/16/2018, 8:00 PM",NOT REPORTED,ShoreBloom_Sample
0707SKA0193,0707SKA0193_3524,SHORE,"8/6/2018, 8:00 PM",SKA,CONFIRMED,"8/8/2018, 8:00 PM",NOT REPORTED,ShoreBloom_Sample
0707SKA0193,0707SKA0193_3524,SHORE,"9/3/2018, 8:00 PM",SKA,CONFIRMED,"9/4/2018, 8:00 PM",SMALL LOCALIZED,ShoreBloom_Sample
0707SKA0193,0707SKA0193_3524,SHORE,"9/3/2018, 8:00 PM",SKA,CONFIRMED WITH HIGH TOXINS,"9/6/2018, 8:00 PM",SMALL LOCALIZED,ShoreBloom_Sample
0707SKA0193,0707SKA0193_3524,SHORE,"9/12/2018, 8:00 PM",SKA,CONFIRMED,"9/13/2018, 8:00 PM",SMALL LOCALIZED,ShoreBloom_Sample
0707SKA0193,0707SKA0193_3524,SHORE,"9/26/2018, 8:00 PM",SKA,CONFIRMED,"9/27/2018, 8:00 PM",NOT REPORTED,ShoreBloom_Sample
0707SKA0193,0707SKA0193_3524,SHORE,"9/26/2018, 8:00 PM",SKA,CONFIRMED WITH HIGH TOXINS,"10/11/2018, 8:00 PM",NOT REPORTED,ShoreBloom_Sample
0707SKA0193,0707SKA0193_3524,SHORE,"10/7/2018, 8:00 PM",SKA,CONFIRMED,"10/8/2018, 8:00 PM",NOT REPORTED,ShoreBloom_Sample
0707SKA0193,0707SKA0193_3524,SHORE,"10/7/2018, 8:00 PM",SKA,CONFIRMED WITH HIGH TOXINS,"10/11/2018, 8:00 PM",NOT REPORTED,ShoreBloom_Sample
0707SKA0193,0707SKA0193_3524,SHORE,"7/14/2019, 8:00 PM",SKA,NO BLOOM,,NO BLOOM PRESENT,HAB_Report
0707SKA0193,0707SKA0193_3524,SHORE,"7/21/2019, 8:00 PM",SKA,NO BLOOM,,NO BLOOM PRESENT,HAB_Report
0707SKA0193,0707SKA0193_3524,SHORE,"7/28/2019, 8:00 PM",SKA,NO BLOOM,,NO BLOOM PRESENT,HAB_Report
0707SKA0193,0707SKA0193_3524,SHORE,"8/3/2019, 8:00 PM",SKA,NO BLOOM,,SMALL LOCALIZED,HAB_Report
0707SKA0193,0707SKA0193_3524,SHORE,"8/3/2019, 8:00 PM",SKA,NO BLOOM,,NO BLOOM PRESENT,HAB_Report
0707SKA0193,0707SKA0193_3524,SHORE,"8/4/2019, 8:00 PM",SKA,NO BLOOM,,NO BLOOM PRESENT,HAB_Report
0707SKA0193,0707SKA0193_3524,SHORE,"8/6/2019, 8:00 PM",SKA,NO BLOOM,,NO BLOOM PRESENT,HAB_Report
0707SKA0193,0707SKA0193_3524,SHORE,"8/11/2019, 8:00 PM",SKA,NO BLOOM,,NO BLOOM PRESENT,HAB_Report
0707SKA0193,0707SKA0193_3524,SHORE,"8/18/2019, 8:00 PM",SKA,NO BLOOM,,NO BLOOM PRESENT,HAB_Report
0707SKA0193,0707SKA0193_3524,SHORE,"8/25/2019, 8:00 PM",SKA,NO BLOOM,,NO BLOOM PRESENT,HAB_Report
0707SKA0193,0707SKA0193_3524,SHORE,"9/1/2019, 8:00 PM",SKA,NO BLOOM,,NO BLOOM PRESENT,HAB_Report
0707SKA0193,0707SKA0193_3524,SHORE,"9/5/2019, 8:00 PM",SKA,SUSPICIOUS,"9/5/2019, 8:00 PM",SMALL LOCALIZED,HAB_Report
0707SKA0193,0707SKA0193_3524,SHORE,"9/8/2019, 8:00 PM",SKA,SUSPICIOUS,"9/8/2019, 8:00 PM",SMALL LOCALIZED,HAB_Report
0707SKA0193,0707SKA0193_3524,SHORE,"9/8/2019, 8:00 PM",SKA,CONFIRMED WITH HIGH TOXINS,"9/11/2019, 8:00 PM",NOT REPORTED,ShoreBloom_Sample
0707SKA0193,0707SKA0193_3524,SHORE,"9/15/2019, 8:00 PM",SKA,NO BLOOM,,NO BLOOM PRESENT,HAB_Report
0707SKA0193,0707SKA0193_3524,SHORE,"9/19/2019, 8:00 PM",SKA,SUSPICIOUS,"9/22/2019, 8:00 PM",SMALL LOCALIZED,HAB_Report
0707SKA0193,0707SKA0193_3524,SHORE,"9/20/2019, 8:00 PM",SKA,CONFIRMED WITH HIGH TOXINS,"9/24/2019, 8:00 PM",NOT REPORTED,ShoreBloom_Sample
0707SKA0193,0707SKA0193_3524,SHORE,"9/22/2019, 8:00 PM",SKA,NO BLOOM,,NO BLOOM PRESENT,HAB_Report
0707SKA0193,0707SKA0193_3524,SHORE,"9/29/2019, 8:00 PM",SKA,NO BLOOM,,NO BLOOM PRESENT,HAB_Report
0707SKA0193,0707SKA0193_3524,SHORE,"10/6/2019, 8:00 PM",SKA,NO BLOOM,,NO BLOOM PRESENT,HAB_Report
0707SKA0193,0707SKA0193_3524,SHORE,"10/10/2019, 8:00 PM",SKA,SUSPICIOUS,"10/14/2019, 8:00 PM",SMALL LOCALIZED,HAB_Report
0707SKA0193,0707SKA0193_3524,SHORE,"10/13/2019, 8:00 PM",SKA,NO BLOOM,,NO BLOOM PRESENT,HAB_Report
0707SKA0193,0707SKA0193_3524,SHORE,"7/13/2020, 10:32 AM",SKA,NO BLOOM,,NOT REPORTED,HAB_Report
0707SKA0193,0707SKA0193_3524,SHORE,"7/20/2020, 11:21 AM",SKA,NO BLOOM,,NOT REPORTED,HAB_Report
0707SKA0193,0707SKA0193_3524,SHORE,"7/27/2020, 11:42 AM",SKA,NO BLOOM,,NOT REPORTED,HAB_Report
0707SKA0193,0707SKA0193_3524,SHORE,"8/3/2020, 1:23 PM",SKA,NO BLOOM,,NOT REPORTED,HAB_Report
0707SKA0193,0707SKA0193_3524,SHORE,"8/10/2020, 10:05 AM",SKA,NO BLOOM,,NOT REPORTED,HAB_Report
0707SKA0193,0707SKA0193_3524,SHORE,"8/17/2020, 11:19 AM",SKA,NO BLOOM,,NOT REPORTED,HAB_Report
0707SKA0193,0707SKA0193_3524,SHORE,"8/24/2020, 10:05 AM",SKA,NO BLOOM,,NOT REPORTED,HAB_Report
0707SKA0193,0707SKA0193_3524,SHORE,"8/31/2020, 11:57 AM",SKA,NO BLOOM,,NOT REPORTED,HAB_Report
0707SKA0193,0707SKA0193_3524,SHORE,"9/8/2020, 12:03 PM",SKA,CONFIRMED,"9/7/2020, 8:00 PM",SMALL LOCALIZED,HAB_Report
0707SKA0193,0707SKA0193_3524,SHORE,"9/14/2020, 12:18 PM",SKA,NO BLOOM,,NOT REPORTED,HAB_Report
0707SKA0193,0707SKA0193_3524,SHORE,"9/15/2020, 1:12 PM",SKA,CONFIRMED,"9/14/2020, 8:00 PM",SMALL LOCALIZED,HAB_Report
0707SKA0193,0707SKA0193_3524,SHORE,"9/16/2020, 7:24 AM",SKA,NO BLOOM,,NOT REPORTED,HAB_Report
0707SKA0193,0707SKA0193_3524,SHORE,"9/17/2020, 10:32 AM",SKA,CONFIRMED,"9/16/2020, 8:00 PM",SMALL LOCALIZED,HAB_Report
0707SKA0193,0707SKA0193_3524,SHORE,"9/18/2020, 10:38 AM",SKA,NO BLOOM,,NOT REPORTED,HAB_Report
0707SKA0193,0707SKA0193_3524,SHORE,"9/20/2020, 11:48 AM",SKA,CONFIRMED,"9/20/2020, 8:00 PM",SMALL LOCALIZED,HAB_Report
0707SKA0193,0707SKA0193_3524,SHORE,"9/21/2020, 9:53 AM",SKA,CONFIRMED,"9/20/2020, 8:00 PM",SMALL LOCALIZED,HAB_Report
0707SKA0193,0707SKA0193_3524,SHORE,"9/22/2020, 12:01 PM",SKA,NO BLOOM,,NOT REPORTED,HAB_Report
0707SKA0193,0707SKA0193_3524,SHORE,"9/25/2020, 1:29 PM",SKA,CONFIRMED,"9/24/2020, 8:00 PM",SMALL LOCALIZED,HAB_Report
0707SKA0193,0707SKA0193_3524,SHORE,"9/28/2020, 11:48 AM",SKA,NO BLOOM,,NOT REPORTED,HAB_Report
0707SKA0193,0707SKA0193_3524,SHORE,"10/3/2020, 11:27 AM",SKA,CONFIRMED,"10/4/2020, 8:00 PM",SMALL LOCALIZED,HAB_Report
0707SKA0193,0707SKA0193_3524,SHORE,"10/5/2020, 11:58 AM",SKA,CONFIRMED,"10/4/2020, 8:00 PM",SMALL LOCALIZED,HAB_Report
0707SKA0193,0707SKA0193_3524,SHORE,"10/9/2020, 10:10 AM",SKA,CONFIRMED,"10/8/2020, 8:00 PM",SMALL LOCALIZED,HAB_Report
0707SKA0193,0707SKA0193_3524,SHORE,"10/12/2020, 12:02 PM",SKA,NO BLOOM,,NOT REPORTED,HAB_Report
0707SKA0193,0707SKA0193_3525,SHORE,"7/15/2019, 8:00 PM",SKA,NO BLOOM,,NO BLOOM PRESENT,HAB_Report
0707SKA0193,0707SKA0193_3525,SHORE,"7/23/2019, 8:00 PM",SKA,NO BLOOM,,NO BLOOM PRESENT,HAB_Report
0707SKA0193,0707SKA0193_3525,SHORE,"7/26/2019, 8:00 PM",SKA,NO BLOOM,,NO BLOOM PRESENT,HAB_Report
0707SKA0193,0707SKA0193_3525,SHORE,"7/30/2019, 8:00 PM",SKA,NO BLOOM,,NO BLOOM PRESENT,HAB_Report
0707SKA0193,0707SKA0193_3525,SHORE,"8/7/2019, 8:00 PM",SKA,NO BLOOM,,NO BLOOM PRESENT,HAB_Report
0707SKA0193,0707SKA0193_3525,SHORE,"8/9/2019, 8:00 PM",SKA,NO BLOOM,,NO BLOOM PRESENT,HAB_Report
0707SKA0193,0707SKA0193_3525,SHORE,"8/10/2019, 8:00 PM",SKA,NO BLOOM,,NO BLOOM PRESENT,HAB_Report
0707SKA0193,0707SKA0193_3525,SHORE,"8/12/2019, 8:00 PM",SKA,NO BLOOM,,NO BLOOM PRESENT,HAB_Report
0707SKA0193,0707SKA0193_3525,SHORE,"8/16/2019, 8:00 PM",SKA,NO BLOOM,,NO BLOOM PRESENT,HAB_Report
0707SKA0193,0707SKA0193_3525,SHORE,"8/19/2019, 8:00 PM",SKA,NO BLOOM,,NO BLOOM PRESENT,HAB_Report
0707SKA0193,0707SKA0193_3525,SHORE,"8/20/2019, 8:00 PM",SKA,NO BLOOM,,NO BLOOM PRESENT,HAB_Report
0707SKA0193,0707SKA0193_3525,SHORE,"9/2/2019, 8:00 PM",SKA,NO BLOOM,,NO BLOOM PRESENT,HAB_Report
0707SKA0193,0707SKA0193_3525,SHORE,"9/2/2019, 8:00 PM",SKA,CONFIRMED,"9/2/2019, 8:00 PM",SMALL LOCALIZED,ShoreBloom_Sample
0707SKA0193,0707SKA0193_3525,SHORE,"9/2/2019, 8:00 PM",SKA,NO BLOOM,,SMALL LOCALIZED,ShoreBloom_Sample
0707SKA0193,0707SKA0193_3525,SHORE,"9/2/2019, 8:00 PM",SKA,CONFIRMED,"9/2/2019, 8:00 PM",NOT REPORTED,ShoreBloom_Sample
0707SKA0193,0707SKA0193_3525,SHORE,"9/2/2019, 8:00 PM",SKA,NO BLOOM,,NOT REPORTED,ShoreBloom_Sample
0707SKA0193,0707SKA0193_3525,SHORE,"9/3/2019, 8:00 PM",SKA,NO BLOOM,,NO BLOOM PRESENT,HAB_Report
0707SKA0193,0707SKA0193_3525,SHORE,"9/4/2019, 8:00 PM",SKA,SUSPICIOUS,"9/4/2019, 8:00 PM",SMALL LOCALIZED,HAB_Report
0707SKA0193,0707SKA0193_3525,SHORE,"9/5/2019, 8:00 PM",SKA,NO BLOOM,,NO BLOOM PRESENT,HAB_Report
0707SKA0193,0707SKA0193_3525,SHORE,"9/6/2019, 8:00 PM",SKA,NO BLOOM,,NO BLOOM PRESENT,HAB_Report
0707SKA0193,0707SKA0193_3525,SHORE,"9/7/2019, 8:00 PM",SKA,SUSPICIOUS,"9/9/2019, 8:00 PM",SMALL LOCALIZED,HAB_Report
0707SKA0193,0707SKA0193_3525,SHORE,"9/13/2019, 8:00 PM",SKA,NO BLOOM,,NO BLOOM PRESENT,HAB_Report
0707SKA0193,0707SKA0193_3525,SHORE,"9/20/2019, 8:00 PM",SKA,CONFIRMED,"9/30/2019, 8:00 PM",SMALL LOCALIZED,ShoreBloom_Sample
0707SKA0193,0707SKA0193_3525,SHORE,"9/21/2019, 8:00 PM",SKA,NO BLOOM,,SMALL LOCALIZED,HAB_Report
0707SKA0193,0707SKA0193_3525,SHORE,"9/21/2019, 8:00 PM",SKA,SUSPICIOUS,"9/22/2019, 8:00 PM",SMALL LOCALIZED,HAB_Report
0707SKA0193,0707SKA0193_3525,SHORE,"9/21/2019, 8:00 PM",SKA,NO BLOOM,,NO BLOOM PRESENT,HAB_Report
0707SKA0193,0707SKA0193_3525,SHORE,"9/21/2019, 8:00 PM",SKA,SUSPICIOUS,"9/22/2019, 8:00 PM",NO BLOOM PRESENT,HAB_Report
0707SKA0193,0707SKA0193_3525,SHORE,"10/10/2019, 8:00 PM",SKA,SUSPICIOUS,"10/14/2019, 8:00 PM",SMALL LOCALIZED,HAB_Report
0707SKA0193,0707SKA0193_3525,SHORE,"7/16/2020, 3:33 PM",SKA,NO BLOOM,,NOT REPORTED,HAB_Report
0707SKA0193,0707SKA0193_3525,SHORE,"7/17/2020, 1:17 PM",SKA,NO BLOOM,,NOT REPORTED,HAB_Report
0707SKA0193,0707SKA0193_3525,SHORE,"7/19/2020, 3:03 PM",SKA,NO BLOOM,,NOT REPORTED,HAB_Report
0707SKA0193,0707SKA0193_3525,SHORE,"7/20/2020, 1:51 PM",SKA,NO BLOOM,,NOT REPORTED,HAB_Report
0707SKA0193,0707SKA0193_3525,SHORE,"7/24/2020, 4:52 PM",SKA,NO BLOOM,,NOT REPORTED,HAB_Report
0707SKA0193,0707SKA0193_3525,SHORE,"7/25/2020, 3:27 PM",SKA,NO BLOOM,,NOT REPORTED,HAB_Report
0707SKA0193,0707SKA0193_3525,SHORE,"7/27/2020, 1:22 PM",SKA,NO BLOOM,,NOT REPORTED,HAB_Report
0707SKA0193,0707SKA0193_3525,SHORE,"7/28/2020, 1:24 PM",SKA,NO BLOOM,,NOT REPORTED,HAB_Report
0707SKA0193,0707SKA0193_3525,SHORE,"7/30/2020, 1:45 PM",SKA,NO BLOOM,,NOT REPORTED,HAB_Report
0707SKA0193,0707SKA0193_3525,SHORE,"7/31/2020, 2:15 PM",SKA,NO BLOOM,,NOT REPORTED,HAB_Report
0707SKA0193,0707SKA0193_3525,SHORE,"8/1/2020, 8:15 PM",SKA,NO BLOOM,,NOT REPORTED,HAB_Report
0707SKA0193,0707SKA0193_3525,SHORE,"8/4/2020, 5:07 PM",SKA,NO BLOOM,,NOT REPORTED,HAB_Report
0707SKA0193,0707SKA0193_3525,SHORE,"8/5/2020, 1:23 PM",SKA,NO BLOOM,,NOT REPORTED,HAB_Report
0707SKA0193,0707SKA0193_3525,SHORE,"8/6/2020, 1:34 PM",SKA,NO BLOOM,,NOT REPORTED,HAB_Report
0707SKA0193,0707SKA0193_3525,SHORE,"8/7/2020, 5:30 PM",SKA,NO BLOOM,,NOT REPORTED,HAB_Report
0707SKA0193,0707SKA0193_3525,SHORE,"8/8/2020, 5:06 PM",SKA,NO BLOOM,,NOT REPORTED,HAB_Report
0707SKA0193,0707SKA0193_3525,SHORE,"8/9/2020, 3:34 PM",SKA,NO BLOOM,,NOT REPORTED,HAB_Report
0707SKA0193,0707SKA0193_3525,SHORE,"8/10/2020, 8:21 AM",SKA,CONFIRMED,"8/9/2020, 8:00 PM",SMALL LOCALIZED,HAB_Report
0707SKA0193,0707SKA0193_3525,SHORE,"8/11/2020, 11:44 AM",SKA,NO BLOOM,,NOT REPORTED,HAB_Report
0707SKA0193,0707SKA0193_3525,SHORE,"8/12/2020, 10:23 AM",SKA,NO BLOOM,,NOT REPORTED,HAB_Report
0707SKA0193,0707SKA0193_3525,SHORE,"8/13/2020, 11:45 AM",SKA,CONFIRMED,"8/12/2020, 8:00 PM",SMALL LOCALIZED,HAB_Report
0707SKA0193,0707SKA0193_3525,SHORE,"8/14/2020, 11:18 AM",SKA,NO BLOOM,,NOT REPORTED,HAB_Report
0707SKA0193,0707SKA0193_3525,SHORE,"8/14/2020, 3:56 PM",SKA,NO BLOOM,,NOT REPORTED,HAB_Report
0707SKA0193,0707SKA0193_3525,SHORE,"8/17/2020, 3:51 PM",SKA,NO BLOOM,,NOT REPORTED,HAB_Report
0707SKA0193,0707SKA0193_3525,SHORE,"8/24/2020, 3:29 PM",SKA,NO BLOOM,,NOT REPORTED,HAB_Report
0707SKA0193,0707SKA0193_3525,SHORE,"9/8/2020, 9:06 AM",SKA,CONFIRMED,"9/7/2020, 8:00 PM",SMALL LOCALIZED,HAB_Report
0707SKA0193,0707SKA0193_3525,SHORE,"9/21/2020, 1:51 PM",SKA,CONFIRMED,"9/20/2020, 8:00 PM",NOT REPORTED,HAB_Report
0707SKA0193,0707SKA0193_3525,SHORE,"9/21/2020, 1:51 PM",SKA,CONFIRMED,"9/20/2020, 8:00 PM",SMALL LOCALIZED,HAB_Report
0707SKA0193,0707SKA0193_3525,SHORE,"9/21/2020, 5:08 PM",SKA,NO BLOOM,,SMALL LOCALIZED,HAB_Report
0707SKA0193,0707SKA0193_3525,SHORE,"9/21/2020, 5:08 PM",SKA,NO BLOOM,,NOT REPORTED,HAB_Report
0707SKA0193,0707SKA0193_3525,SHORE,"9/22/2020, 9:38 AM",SKA,NO BLOOM,,NOT REPORTED,HAB_Report
0707SKA0193,0707SKA0193_3525,SHORE,"9/24/2020, 1:08 PM",SKA,NO BLOOM,,NOT REPORTED,HAB_Report
0707SKA0193,0707SKA0193_3525,SHORE,"9/25/2020, 12:19 PM",SKA,CONFIRMED,"9/24/2020, 8:00 PM",SMALL LOCALIZED,HAB_Report
0707SKA0193,0707SKA0193_3525,SHORE,"10/9/2020, 11:58 AM",SKA,CONFIRMED,"10/19/2020, 8:00 PM",SMALL LOCALIZED,HAB_Report
0707SKA0193,0707SKA0193_3526,SHORE,"7/14/2019, 8:00 PM",SKA,NO BLOOM,,NO BLOOM PRESENT,HAB_Report
0707SKA0193,0707SKA0193_3526,SHORE,"7/19/2019, 8:00 PM",SKA,NO BLOOM,,NO BLOOM PRESENT,HAB_Report
0707SKA0193,0707SKA0193_3526,SHORE,"8/17/2019, 8:00 PM",SKA,NO BLOOM,,NO BLOOM PRESENT,HAB_Report
0707SKA0193,0707SKA0193_3526,SHORE,"8/20/2019, 8:00 PM",SKA,NO BLOOM,,NO BLOOM PRESENT,HAB_Report
0707SKA0193,0707SKA0193_3526,SHORE,"8/23/2019, 8:00 PM",SKA,NO BLOOM,,NO BLOOM PRESENT,HAB_Report
0707SKA0193,0707SKA0193_3526,SHORE,"8/30/2019, 8:00 PM",SKA,NO BLOOM,,NO BLOOM PRESENT,HAB_Report
0707SKA0193,0707SKA0193_3526,SHORE,"9/2/2019, 8:00 PM",SKA,NO BLOOM,,NO BLOOM PRESENT,HAB_Report
0707SKA0193,0707SKA0193_3526,SHORE,"9/5/2019, 8:00 PM",SKA,NO BLOOM,,NO BLOOM PRESENT,HAB_Report
0707SKA0193,0707SKA0193_3526,SHORE,"9/12/2019, 8:00 PM",SKA,NO BLOOM,,NO BLOOM PRESENT,HAB_Report
0707SKA0193,0707SKA0193_3526,SHORE,"9/16/2019, 8:00 PM",SKA,NO BLOOM,,NO BLOOM PRESENT,HAB_Report
0707SKA0193,0707SKA0193_3526,SHORE,"9/21/2019, 8:00 PM",SKA,NO BLOOM,,SMALL LOCALIZED,HAB_Report
0707SKA0193,0707SKA0193_3526,SHORE,"9/25/2019, 8:00 PM",SKA,NO BLOOM,,NO BLOOM PRESENT,HAB_Report
0707SKA0193,0707SKA0193_3526,SHORE,"9/28/2019, 8:00 PM",SKA,NO BLOOM,,NO BLOOM PRESENT,HAB_Report
0707SKA0193,0707SKA0193_3526,SHORE,"9/30/2019, 8:00 PM",SKA,NO BLOOM,,NO BLOOM PRESENT,HAB_Report
0707SKA0193,0707SKA0193_3526,SHORE,"10/9/2019, 8:00 PM",SKA,NO BLOOM,,NO BLOOM PRESENT,HAB_Report
0707SKA0193,0707SKA0193_3526,SHORE,"10/14/2019, 8:00 PM",SKA,NO BLOOM,,NO BLOOM PRESENT,HAB_Report
0707SKA0193,0707SKA0193_3526,SHORE,"7/11/2020, 1:00 PM",SKA,NO BLOOM,,NOT REPORTED,HAB_Report
0707SKA0193,0707SKA0193_3526,SHORE,"7/15/2020, 4:00 PM",SKA,NO BLOOM,,NOT REPORTED,HAB_Report
0707SKA0193,0707SKA0193_3526,SHORE,"7/22/2020, 6:00 PM",SKA,NO BLOOM,,NOT REPORTED,HAB_Report
0707SKA0193,0707SKA0193_3526,SHORE,"7/28/2020, 7:30 PM",SKA,NO BLOOM,,NOT REPORTED,HAB_Report
0707SKA0193,0707SKA0193_3526,SHORE,"8/6/2020, 11:00 AM",SKA,NO BLOOM,,NOT REPORTED,HAB_Report
0707SKA0193,0707SKA0193_3526,SHORE,"8/12/2020, 9:15 AM",SKA,NO BLOOM,,NOT REPORTED,HAB_Report
0707SKA0193,0707SKA0193_3526,SHORE,"8/14/2020, 10:31 PM",SKA,NO BLOOM,,NOT REPORTED,HAB_Report
0707SKA0193,0707SKA0193_3526,SHORE,"8/15/2020, 7:15 PM",SKA,NO BLOOM,,NOT REPORTED,HAB_Report
0707SKA0193,0707SKA0193_3526,SHORE,"8/16/2020, 12:30 PM",SKA,NO BLOOM,,NOT REPORTED,HAB_Report
0707SKA0193,0707SKA0193_3526,SHORE,"8/18/2020, 7:30 AM",SKA,NO BLOOM,,NOT REPORTED,HAB_Report
0707SKA0193,0707SKA0193_3526,SHORE,"8/22/2020, 9:30 AM",SKA,NO BLOOM,,NOT REPORTED,HAB_Report
0707SKA0193,0707SKA0193_3526,SHORE,"8/28/2020, 8:15 AM",SKA,NO BLOOM,,NOT REPORTED,HAB_Report
0707SKA0193,0707SKA0193_3526,SHORE,"9/2/2020, 7:00 PM",SKA,NO BLOOM,,NOT REPORTED,HAB_Report
0707SKA0193,0707SKA0193_3526,SHORE,"9/14/2020, 3:00 PM",SKA,NO BLOOM,,NOT REPORTED,HAB_Report
0707SKA0193,0707SKA0193_3526,SHORE,"9/21/2020, 11:00 AM",SKA,NO BLOOM,,NOT REPORTED,HAB_Report
0707SKA0193,0707SKA0193_3526,SHORE,"9/22/2020, 9:40 AM",SKA,NO BLOOM,,NOT REPORTED,HAB_Report
0707SKA0193,0707SKA0193_3526,SHORE,"9/25/2020, 2:00 PM",SKA,NO BLOOM,,NOT REPORTED,HAB_Report
0707SKA0193,0707SKA0193_3526,SHORE,"10/1/2020, 8:00 AM",SKA,NO BLOOM,,NOT REPORTED,HAB_Report
0707SKA0193,0707SKA0193_3526,SHORE,"10/3/2020, 8:30 AM",SKA,NO BLOOM,,NOT REPORTED,HAB_Report
0707SKA0193,0707SKA0193_3526,SHORE,"10/5/2020, 6:00 PM",SKA,NO BLOOM,,NOT REPORTED,HAB_Report
0707SKA0193,0707SKA0193_3526,SHORE,"10/11/2020, 11:45 AM",SKA,NO BLOOM,,NOT REPORTED,HAB_Report
0707SKA0193,0707SKA0193_3527,SHORE,"7/15/2020, 2:01 PM",SKA,NO BLOOM,,NOT REPORTED,HAB_Report
0707SKA0193,0707SKA0193_3527,SHORE,"7/22/2020, 3:37 PM",SKA,NO BLOOM,,NOT REPORTED,HAB_Report
0707SKA0193,0707SKA0193_3527,SHORE,"7/28/2020, 1:39 PM",SKA,NO BLOOM,,NOT REPORTED,HAB_Report
0707SKA0193,0707SKA0193_3527,SHORE,"8/5/2020, 10:40 AM",SKA,NO BLOOM,,NOT REPORTED,HAB_Report
0707SKA0193,0707SKA0193_3527,SHORE,"8/10/2020, 5:01 PM",SKA,NO BLOOM,,NOT REPORTED,HAB_Report
0707SKA0193,0707SKA0193_3527,SHORE,"8/19/2020, 11:49 AM",SKA,NO BLOOM,,NOT REPORTED,HAB_Report
0707SKA0193,0707SKA0193_3527,SHORE,"8/25/2020, 3:50 PM",SKA,NO BLOOM,,NOT REPORTED,HAB_Report
0707SKA0193,0707SKA0193_3527,SHORE,"9/15/2020, 5:18 PM",SKA,NO BLOOM,,NOT REPORTED,HAB_Report
0707SKA0193,0707SKA0193_3527,SHORE,"9/25/2020, 3:36 PM",SKA,NO BLOOM,,NOT REPORTED,HAB_Report
0707SKA0193,0707SKA0193_3528,SHORE,"7/28/2019, 8:00 PM",SKA,NO BLOOM,,NO BLOOM PRESENT,HAB_Report
0707SKA0193,0707SKA0193_3528,SHORE,"8/11/2019, 8:00 PM",SKA,NO BLOOM,,NO BLOOM PRESENT,HAB_Report
0707SKA0193,0707SKA0193_3528,SHORE,"8/18/2019, 8:00 PM",SKA,NO BLOOM,,NO BLOOM PRESENT,HAB_Report
0707SKA0193,0707SKA0193_3528,SHORE,"9/27/2019, 8:00 PM",SKA,NO BLOOM,,NO BLOOM PRESENT,HAB_Report
0707SKA0193,0707SKA0193_3528,SHORE,"10/13/2019, 8:00 PM",SKA,NO BLOOM,,NO BLOOM PRESENT,HAB_Report
0707SKA0193,0707SKA0193_3528,SHORE,"7/15/2020, 12:30 PM",SKA,NO BLOOM,,NOT REPORTED,HAB_Report
0707SKA0193,0707SKA0193_3528,SHORE,"7/29/2020, 3:00 PM",SKA,NO BLOOM,,NOT REPORTED,HAB_Report
0707SKA0193,0707SKA0193_3528,SHORE,"8/12/2020, 10:32 AM",SKA,NO BLOOM,,NOT REPORTED,HAB_Report
0707SKA0193,0707SKA0193_3528,SHORE,"8/26/2020, 7:39 PM",SKA,NO BLOOM,,NOT REPORTED,HAB_Report
0707SKA0193,0707SKA0193_3528,SHORE,"9/9/2020, 12:00 PM",SKA,NO BLOOM,,NOT REPORTED,HAB_Report
0707SKA0193,0707SKA0193_3528,SHORE,"9/25/2020, 4:59 PM",SKA,NO BLOOM,,NOT REPORTED,HAB_Report
0707SKA0193,0707SKA0193_3529,SHORE,"7/21/2019, 8:00 PM",SKA,NO BLOOM,,NO BLOOM PRESENT,HAB_Report
0707SKA0193,0707SKA0193_3529,SHORE,"7/28/2019, 8:00 PM",SKA,NO BLOOM,,NO BLOOM PRESENT,HAB_Report
0707SKA0193,0707SKA0193_3529,SHORE,"8/4/2019, 8:00 PM",SKA,NO BLOOM,,NO BLOOM PRESENT,HAB_Report
0707SKA0193,0707SKA0193_3529,SHORE,"8/11/2019, 8:00 PM",SKA,NO BLOOM,,NO BLOOM PRESENT,HAB_Report
0707SKA0193,0707SKA0193_3529,SHORE,"8/19/2019, 8:00 PM",SKA,NO BLOOM,,NO BLOOM PRESENT,HAB_Report
0707SKA0193,0707SKA0193_3529,SHORE,"8/25/2019, 8:00 PM",SKA,NO BLOOM,,NO BLOOM PRESENT,HAB_Report
0707SKA0193,0707SKA0193_3529,SHORE,"9/2/2019, 8:00 PM",SKA,NO BLOOM,,NO BLOOM PRESENT,HAB_Report
0707SKA0193,0707SKA0193_3529,SHORE,"9/8/2019, 8:00 PM",SKA,NO BLOOM,,NO BLOOM PRESENT,HAB_Report
0707SKA0193,0707SKA0193_3529,SHORE,"9/15/2019, 8:00 PM",SKA,NO BLOOM,,NO BLOOM PRESENT,HAB_Report
0707SKA0193,0707SKA0193_3529,SHORE,"9/22/2019, 8:00 PM",SKA,NO BLOOM,,NO BLOOM PRESENT,HAB_Report
0707SKA0193,0707SKA0193_3529,SHORE,"7/12/2020, 7:38 PM",SKA,NO BLOOM,,NOT REPORTED,HAB_Report
0707SKA0193,0707SKA0193_3529,SHORE,"7/19/2020, 5:26 PM",SKA,NO BLOOM,,NOT REPORTED,HAB_Report
0707SKA0193,0707SKA0193_3529,SHORE,"7/26/2020, 7:55 PM",SKA,NO BLOOM,,NOT REPORTED,HAB_Report
0707SKA0193,0707SKA0193_3529,SHORE,"8/3/2020, 6:11 AM",SKA,NO BLOOM,,NOT REPORTED,HAB_Report
0707SKA0193,0707SKA0193_3529,SHORE,"8/10/2020, 9:01 AM",SKA,NO BLOOM,,NOT REPORTED,HAB_Report
0707SKA0193,0707SKA0193_3529,SHORE,"8/16/2020, 6:40 PM",SKA,NO BLOOM,,NOT REPORTED,HAB_Report
0707SKA0193,0707SKA0193_3529,SHORE,"8/24/2020, 8:46 AM",SKA,NO BLOOM,,NOT REPORTED,HAB_Report
0707SKA0193,0707SKA0193_3529,SHORE,"8/30/2020, 6:07 PM",SKA,NO BLOOM,,NOT REPORTED,HAB_Report
0707SKA0193,0707SKA0193_3529,SHORE,"9/7/2020, 7:18 PM",SKA,NO BLOOM,,NOT REPORTED,HAB_Report
0707SKA0193,0707SKA0193_3529,SHORE,"9/14/2020, 6:51 AM",SKA,NO BLOOM,,NOT REPORTED,HAB_Report
0707SKA0193,0707SKA0193_3529,SHORE,"9/20/2020, 6:00 PM",SKA,NO BLOOM,,NOT REPORTED,HAB_Report
0707SKA0193,0707SKA0193_3529,SHORE,"9/28/2020, 6:30 AM",SKA,NO BLOOM,,NOT REPORTED,HAB_Report
0707SKA0193,0707SKA0193_3529,SHORE,"10/5/2020, 7:30 PM",SKA,NO BLOOM,,NOT REPORTED,HAB_Report
0707SKA0193,0707SKA0193_3529,SHORE,"10/12/2020, 6:30 AM",SKA,NO BLOOM,,NOT REPORTED,HAB_Report
0707SKA0193,0707SKA0193_3530,SHORE,"7/14/2019, 8:00 PM",SKA,NO BLOOM,,NO BLOOM PRESENT,HAB_Report
0707SKA0193,0707SKA0193_3530,SHORE,"7/21/2019, 8:00 PM",SKA,NO BLOOM,,NO BLOOM PRESENT,HAB_Report
0707SKA0193,0707SKA0193_3530,SHORE,"7/28/2019, 8:00 PM",SKA,NO BLOOM,,NO BLOOM PRESENT,HAB_Report
0707SKA0193,0707SKA0193_3530,SHORE,"8/4/2019, 8:00 PM",SKA,NO BLOOM,,NO BLOOM PRESENT,HAB_Report
0707SKA0193,0707SKA0193_3530,SHORE,"8/11/2019, 8:00 PM",SKA,NO BLOOM,,NO BLOOM PRESENT,HAB_Report
0707SKA0193,0707SKA0193_3530,SHORE,"8/18/2019, 8:00 PM",SKA,NO BLOOM,,NO BLOOM PRESENT,HAB_Report
0707SKA0193,0707SKA0193_3530,SHORE,"8/25/2019, 8:00 PM",SKA,NO BLOOM,,NO BLOOM PRESENT,HAB_Report
0707SKA0193,0707SKA0193_3530,SHORE,"8/30/2019, 8:00 PM",SKA,NO BLOOM,,NO BLOOM PRESENT,HAB_Report
0707SKA0193,0707SKA0193_3530,SHORE,"9/2/2019, 8:00 PM",SKA,CONFIRMED WITH HIGH TOXINS,"9/4/2019, 8:00 PM",SMALL LOCALIZED,ShoreBloom_Sample
0707SKA0193,0707SKA0193_3530,SHORE,"7/15/2020, 1:16 PM",SKA,NO BLOOM,,NOT REPORTED,HAB_Report
0707SKA0193,0707SKA0193_3530,SHORE,"7/22/2020, 1:28 PM",SKA,NO BLOOM,,NOT REPORTED,HAB_Report
0707SKA0193,0707SKA0193_3530,SHORE,"7/29/2020, 1:30 PM",SKA,NO BLOOM,,NOT REPORTED,HAB_Report
0707SKA0193,0707SKA0193_3530,SHORE,"8/5/2020, 12:00 PM",SKA,NO BLOOM,,NOT REPORTED,HAB_Report
0707SKA0193,0707SKA0193_3530,SHORE,"8/12/2020, 12:01 PM",SKA,NO BLOOM,,NOT REPORTED,HAB_Report
0707SKA0193,0707SKA0193_3530,SHORE,"8/12/2020, 1:33 PM",SKA,NO BLOOM,,NOT REPORTED,HAB_Report
0707SKA0193,0707SKA0193_3530,SHORE,"8/19/2020, 11:00 AM",SKA,NO BLOOM,,NOT REPORTED,HAB_Report
0707SKA0193,0707SKA0193_3530,SHORE,"8/26/2020, 1:00 PM",SKA,NO BLOOM,,NOT REPORTED,HAB_Report
0707SKA0193,0707SKA0193_3530,SHORE,"9/2/2020, 2:00 PM",SKA,NO BLOOM,,NOT REPORTED,HAB_Report
0707SKA0193,0707SKA0193_3530,SHORE,"9/8/2020, 11:52 AM",SKA,NO BLOOM,,NOT REPORTED,HAB_Report
0707SKA0193,0707SKA0193_3530,SHORE,"9/22/2020, 1:44 PM",SKA,NO BLOOM,,NOT REPORTED,HAB_Report
0707SKA0193,0707SKA0193_3531,SHORE,"7/14/2019, 8:00 PM",SKA,NO BLOOM,,NO BLOOM PRESENT,HAB_Report
0707SKA0193,0707SKA0193_3531,SHORE,"7/24/2019, 8:00 PM",SKA,NO BLOOM,,NO BLOOM PRESENT,HAB_Report
0707SKA0193,0707SKA0193_3531,SHORE,"8/12/2019, 8:00 PM",SKA,NO BLOOM,,NO BLOOM PRESENT,HAB_Report
0707SKA0193,0707SKA0193_3531,SHORE,"8/19/2019, 8:00 PM",SKA,NO BLOOM,,NO BLOOM PRESENT,HAB_Report
0707SKA0193,0707SKA0193_3531,SHORE,"9/9/2019, 8:00 PM",SKA,NO BLOOM,,NO BLOOM PRESENT,HAB_Report
0707SKA0193,0707SKA0193_3531,SHORE,"9/16/2019, 8:00 PM",SKA,NO BLOOM,,NO BLOOM PRESENT,HAB_Report
0707SKA0193,0707SKA0193_3531,SHORE,"9/24/2019, 8:00 PM",SKA,NO BLOOM,,NO BLOOM PRESENT,HAB_Report
0707SKA0193,0707SKA0193_3531,SHORE,"8/13/2020, 2:26 PM",SKA,NO BLOOM,,NOT REPORTED,HAB_Report
0707SKA0193,0707SKA0193_3531,SHORE,"9/9/2020, 3:22 PM",SKA,NO BLOOM,,NOT REPORTED,HAB_Report
0707SKA0193,0707SKA0193_3532,SHORE,"8/5/2019, 8:00 PM",SKA,NO BLOOM,,NO BLOOM PRESENT,HAB_Report
0707SKA0193,0707SKA0193_3532,SHORE,"8/12/2019, 8:00 PM",SKA,NO BLOOM,,NO BLOOM PRESENT,HAB_Report
0707SKA0193,0707SKA0193_3532,SHORE,"8/19/2019, 8:00 PM",SKA,NO BLOOM,,NO BLOOM PRESENT,HAB_Report
0707SKA0193,0707SKA0193_3532,SHORE,"8/26/2019, 8:00 PM",SKA,NO BLOOM,,NO BLOOM PRESENT,HAB_Report
0707SKA0193,0707SKA0193_3532,SHORE,"9/2/2019, 8:00 PM",SKA,NO BLOOM,,NO BLOOM PRESENT,HAB_Report
0707SKA0193,0707SKA0193_3532,SHORE,"8/6/2020, 11:20 AM",SKA,NO BLOOM,,NOT REPORTED,HAB_Report
0707SKA0193,0707SKA0193_3532,SHORE,"8/10/2020, 5:48 PM",SKA,NO BLOOM,,NOT REPORTED,HAB_Report
0707SKA0193,0707SKA0193_3532,SHORE,"8/12/2020, 3:54 PM",SKA,NO BLOOM,,NOT REPORTED,HAB_Report
0707SKA0193,0707SKA0193_3532,SHORE,"9/8/2020, 2:14 PM",SKA,NO BLOOM,,NOT REPORTED,HAB_Report
0707SKA0193,0707SKA0193_3532,SHORE,"9/9/2020, 5:20 PM",SKA,NO BLOOM,,LARGE LOCALIZED,HAB_Report
0707SKA0193,0707SKA0193_3532,SHORE,"9/15/2020, 3:19 PM",SKA,NO BLOOM,,NOT REPORTED,HAB_Report
0707SKA0193,0707SKA0193_3532,SHORE,"9/22/2020, 2:01 PM",SKA,NO BLOOM,,NOT REPORTED,HAB_Report
0707SKA0193,0707SKA0193_3532,SHORE,"9/28/2020, 4:27 PM",SKA,NO BLOOM,,NOT REPORTED,HAB_Report
0707SKA0193,0707SKA0193_3533,SHORE,"7/21/2019, 8:00 PM",SKA,NO BLOOM,,NO BLOOM PRESENT,HAB_Report
0707SKA0193,0707SKA0193_3533,SHORE,"7/28/2019, 8:00 PM",SKA,NO BLOOM,,NO BLOOM PRESENT,HAB_Report
0707SKA0193,0707SKA0193_3533,SHORE,"8/4/2019, 8:00 PM",SKA,NO BLOOM,,NO BLOOM PRESENT,HAB_Report
0707SKA0193,0707SKA0193_3533,SHORE,"8/11/2019, 8:00 PM",SKA,NO BLOOM,,NO BLOOM PRESENT,HAB_Report
0707SKA0193,0707SKA0193_3533,SHORE,"8/18/2019, 8:00 PM",SKA,NO BLOOM,,NO BLOOM PRESENT,HAB_Report
0707SKA0193,0707SKA0193_3533,SHORE,"8/25/2019, 8:00 PM",SKA,NO BLOOM,,NO BLOOM PRESENT,HAB_Report
0707SKA0193,0707SKA0193_3533,SHORE,"9/1/2019, 8:00 PM",SKA,NO BLOOM,,NO BLOOM PRESENT,HAB_Report
0707SKA0193,0707SKA0193_3533,SHORE,"9/8/2019, 8:00 PM",SKA,NO BLOOM,,NO BLOOM PRESENT,HAB_Report
0707SKA0193,0707SKA0193_3533,SHORE,"9/15/2019, 8:00 PM",SKA,NO BLOOM,,NO BLOOM PRESENT,HAB_Report
0707SKA0193,0707SKA0193_3533,SHORE,"9/22/2019, 8:00 PM",SKA,NO BLOOM,,NO BLOOM PRESENT,HAB_Report
0707SKA0193,0707SKA0193_3533,SHORE,"9/29/2019, 8:00 PM",SKA,NO BLOOM,,NO BLOOM PRESENT,HAB_Report
0707SKA0193,0707SKA0193_3533,SHORE,"10/6/2019, 8:00 PM",SKA,NO BLOOM,,NO BLOOM PRESENT,HAB_Report
0707SKA0193,0707SKA0193_3533,SHORE,"10/14/2019, 8:00 PM",SKA,NO BLOOM,,NO BLOOM PRESENT,HAB_Report
0707SKA0193,0707SKA0193_3533,SHORE,"7/6/2020, 6:08 PM",SKA,NO BLOOM,,NOT REPORTED,HAB_Report
0707SKA0193,0707SKA0193_3533,SHORE,"7/13/2020, 4:43 PM",SKA,NO BLOOM,,NOT REPORTED,HAB_Report
0707SKA0193,0707SKA0193_3533,SHORE,"7/21/2020, 8:22 PM",SKA,NO BLOOM,,NOT REPORTED,HAB_Report
0707SKA0193,0707SKA0193_3533,SHORE,"7/27/2020, 3:21 PM",SKA,NO BLOOM,,NOT REPORTED,HAB_Report
0707SKA0193,0707SKA0193_3533,SHORE,"8/4/2020, 12:21 PM",SKA,NO BLOOM,,NOT REPORTED,HAB_Report
0707SKA0193,0707SKA0193_3533,SHORE,"8/10/2020, 7:32 PM",SKA,NO BLOOM,,NOT REPORTED,HAB_Report
0707SKA0193,0707SKA0193_3533,SHORE,"8/18/2020, 2:10 PM",SKA,NO BLOOM,,NOT REPORTED,HAB_Report
0707SKA0193,0707SKA0193_3533,SHORE,"8/25/2020, 5:02 PM",SKA,NO BLOOM,,NOT REPORTED,HAB_Report
0707SKA0193,0707SKA0193_3533,SHORE,"9/1/2020, 4:14 PM",SKA,NO BLOOM,,NOT REPORTED,HAB_Report
0707SKA0193,0707SKA0193_3533,SHORE,"9/8/2020, 11:17 AM",SKA,NO BLOOM,,NOT REPORTED,HAB_Report
0707SKA0193,0707SKA0193_3533,SHORE,"9/15/2020, 12:56 PM",SKA,NO BLOOM,,NOT REPORTED,HAB_Report
0707SKA0193,0707SKA0193_3533,SHORE,"9/22/2020, 1:29 PM",SKA,NO BLOOM,,NOT REPORTED,HAB_Report
0707SKA0193,0707SKA0193_3533,SHORE,"9/30/2020, 5:46 PM",SKA,NO BLOOM,,NOT REPORTED,HAB_Report
0707SKA0193,0707SKA0193_3533,SHORE,"10/6/2020, 12:37 PM",SKA,NO BLOOM,,NOT REPORTED,HAB_Report
0707SKA0193,0707SKA0193_3533,SHORE,"10/13/2020, 11:53 AM",SKA,NO BLOOM,,NOT REPORTED,HAB_Report
0707SKA0193,0707SKA0193_3534,SHORE,"7/15/2019, 8:00 PM",SKA,NO BLOOM,,NO BLOOM PRESENT,HAB_Report
0707SKA0193,0707SKA0193_3534,SHORE,"7/21/2019, 8:00 PM",SKA,NO BLOOM,,NO BLOOM PRESENT,HAB_Report
0707SKA0193,0707SKA0193_3534,SHORE,"7/30/2019, 8:00 PM",SKA,NO BLOOM,,NO BLOOM PRESENT,HAB_Report
0707SKA0193,0707SKA0193_3534,SHORE,"8/4/2019, 8:00 PM",SKA,NO BLOOM,,NO BLOOM PRESENT,HAB_Report
0707SKA0193,0707SKA0193_3534,SHORE,"8/11/2019, 8:00 PM",SKA,NO BLOOM,,NO BLOOM PRESENT,HAB_Report
0707SKA0193,0707SKA0193_3534,SHORE,"8/18/2019, 8:00 PM",SKA,NO BLOOM,,NO BLOOM PRESENT,HAB_Report
0707SKA0193,0707SKA0193_3534,SHORE,"8/25/2019, 8:00 PM",SKA,NO BLOOM,,NO BLOOM PRESENT,HAB_Report
0707SKA0193,0707SKA0193_3534,SHORE,"9/2/2019, 8:00 PM",SKA,NO BLOOM,,NO BLOOM PRESENT,HAB_Report
0707SKA0193,0707SKA0193_3534,SHORE,"9/2/2019, 8:00 PM",SKA,CONFIRMED WITH HIGH TOXINS,"9/2/2019, 8:00 PM",SMALL LOCALIZED,ShoreBloom_Sample
0707SKA0193,0707SKA0193_3534,SHORE,"9/8/2019, 8:00 PM",SKA,NO BLOOM,,NO BLOOM PRESENT,HAB_Report
0707SKA0193,0707SKA0193_3534,SHORE,"9/16/2019, 8:00 PM",SKA,NO BLOOM,,SMALL LOCALIZED,HAB_Report
0707SKA0193,0707SKA0193_3534,SHORE,"9/16/2019, 8:00 PM",SKA,NO BLOOM,,NO BLOOM PRESENT,HAB_Report
0707SKA0193,0707SKA0193_3534,SHORE,"9/22/2019, 8:00 PM",SKA,NO BLOOM,,NO BLOOM PRESENT,HAB_Report
0707SKA0193,0707SKA0193_3534,SHORE,"10/1/2019, 8:00 PM",SKA,NO BLOOM,,NO BLOOM PRESENT,HAB_Report
0707SKA0193,0707SKA0193_3534,SHORE,"10/13/2019, 8:00 PM",SKA,NO BLOOM,,NO BLOOM PRESENT,HAB_Report
0707SKA0193,0707SKA0193_3534,SHORE,"7/14/2020, 8:30 AM",SKA,NO BLOOM,,NOT REPORTED,HAB_Report
0707SKA0193,0707SKA0193_3534,SHORE,"7/21/2020, 12:04 PM",SKA,NO BLOOM,,NOT REPORTED,HAB_Report
0707SKA0193,0707SKA0193_3534,SHORE,"7/28/2020, 2:46 PM",SKA,NO BLOOM,,NOT REPORTED,HAB_Report
0707SKA0193,0707SKA0193_3534,SHORE,"8/4/2020, 9:28 AM",SKA,NO BLOOM,,NOT REPORTED,HAB_Report
0707SKA0193,0707SKA0193_3534,SHORE,"8/11/2020, 8:25 AM",SKA,NO BLOOM,,NOT REPORTED,HAB_Report
0707SKA0193,0707SKA0193_3534,SHORE,"8/17/2020, 11:21 AM",SKA,NO BLOOM,,NOT REPORTED,HAB_Report
0707SKA0193,0707SKA0193_3534,SHORE,"8/25/2020, 11:49 AM",SKA,NO BLOOM,,NOT REPORTED,HAB_Report
0707SKA0193,0707SKA0193_3534,SHORE,"8/31/2020, 11:58 AM",SKA,NO BLOOM,,NOT REPORTED,HAB_Report
0707SKA0193,0707SKA0193_3534,SHORE,"9/8/2020, 1:56 PM",SKA,NO BLOOM,,NOT REPORTED,HAB_Report
0707SKA0193,0707SKA0193_3534,SHORE,"9/17/2020, 2:53 PM",SKA,NO BLOOM,,NOT REPORTED,HAB_Report
0707SKA0193,0707SKA0193_3534,SHORE,"9/21/2020, 1:51 PM",SKA,NO BLOOM,,NOT REPORTED,HAB_Report
0707SKA0193,0707SKA0193_3534,SHORE,"9/30/2020, 1:18 PM",SKA,NO BLOOM,,NOT REPORTED,HAB_Report
0707SKA0193,0707SKA0193_3534,SHORE,"10/12/2020, 8:43 AM",SKA,NO BLOOM,,NOT REPORTED,HAB_Report
0707SKA0193,0707SKA0193_3535,SHORE,"7/12/2020, 7:00 PM",SKA,NO BLOOM,,NOT REPORTED,HAB_Report
0707SKA0193,0707SKA0193_3535,SHORE,"7/19/2020, 11:25 AM",SKA,NO BLOOM,,NOT REPORTED,HAB_Report
0707SKA0193,0707SKA0193_3535,SHORE,"7/26/2020, 4:27 PM",SKA,NO BLOOM,,NOT REPORTED,HAB_Report
0707SKA0193,0707SKA0193_3535,SHORE,"8/2/2020, 9:30 AM",SKA,NO BLOOM,,NOT REPORTED,HAB_Report
0707SKA0193,0707SKA0193_3535,SHORE,"8/9/2020, 10:00 AM",SKA,NO BLOOM,,NOT REPORTED,HAB_Report
0707SKA0193,0707SKA0193_3535,SHORE,"8/16/2020, 10:30 AM",SKA,NO BLOOM,,NOT REPORTED,HAB_Report
0707SKA0193,0707SKA0193_3535,SHORE,"8/23/2020, 12:00 PM",SKA,NO BLOOM,,NOT REPORTED,HAB_Report
0707SKA0193,0707SKA0193_3535,SHORE,"8/30/2020, 9:30 AM",SKA,NO BLOOM,,NOT REPORTED,HAB_Report
0707SKA0193,0707SKA0193_3535,SHORE,"9/6/2020, 8:30 AM",SKA,NO BLOOM,,NOT REPORTED,HAB_Report
0707SKA0193,0707SKA0193_3535,SHORE,"9/20/2020, 10:00 AM",SKA,NO BLOOM,,NOT REPORTED,HAB_Report
0707SKA0193,0707SKA0193_3535,SHORE,"9/25/2020, 5:15 PM",SKA,NO BLOOM,,NOT REPORTED,HAB_Report
0707SKA0193,0707SKA0193_3535,SHORE,"10/4/2020, 3:00 PM",SKA,NO BLOOM,,NOT REPORTED,HAB_Report
0707SKA0193,0707SKA0193_3535,SHORE,"10/11/2020, 1:00 PM",SKA,NO BLOOM,,NOT REPORTED,HAB_Report
0707SKA0193,0707SKA0193_BEACH_1,SHORE,"8/5/2018, 8:00 PM",SKA,NO BLOOM,"8/5/2018, 8:00 PM",NOT REPORTED,ShoreBloom_Sample
0707SKA0193,0707SKA0193_BEACH_1,SHORE,"8/6/2020, 8:00 PM",DOH,SUSPICIOUS,"8/6/2020, 8:00 PM",NOT REPORTED,HAB_Report
0707SKA0193,0707SKA0193_BEACH_3,SHORE,"8/6/2020, 8:00 PM",DOH,SUSPICIOUS,"8/6/2020, 8:00 PM",NOT REPORTED,HAB_Report
0707SKA0193,0707SKA0193_C,CENTROID,"9/15/2017, 8:00 PM",CSL,CONFIRMED WITH HIGH TOXINS,"9/23/2017, 8:00 PM",NOT REPORTED,ShoreBloom_Sample
0707SKA0193,0707SKA0193_C,CENTROID,"9/15/2017, 8:00 PM",CSL,CONFIRMED WITH HIGH TOXINS,"9/23/2017, 8:00 PM",LARGE LOCALIZED,ShoreBloom_Sample
0707SKA0193,0707SKA0193_C,CENTROID,"9/15/2017, 8:00 PM",CSL,CONFIRMED WITH HIGH TOXINS,"9/16/2017, 8:00 PM",LARGE LOCALIZED,ShoreBloom_Sample
0707SKA0193,0707SKA0193_C,CENTROID,"9/15/2017, 8:00 PM",CSL,CONFIRMED WITH HIGH TOXINS,"9/16/2017, 8:00 PM",NOT REPORTED,ShoreBloom_Sample
0707SKA0193,0707SKA0193_C,CENTROID,"9/15/2017, 8:00 PM",CSL,CONFIRMED WITH HIGH TOXINS,"9/16/2017, 8:00 PM",NOT REPORTED,ShoreBloom_Sample
0707SKA0193,0707SKA0193_C,CENTROID,"9/15/2017, 8:00 PM",CSL,CONFIRMED WITH HIGH TOXINS,"9/16/2017, 8:00 PM",LARGE LOCALIZED,ShoreBloom_Sample
0707SKA0193,0707SKA0193_C,CENTROID,"9/24/2017, 8:00 PM",CSL,CONFIRMED,"9/28/2017, 8:00 PM",NOT REPORTED,ShoreBloom_Sample
0707SKA0193,0707SKA0193_C,CENTROID,"8/1/2018, 8:00 PM",ESF,NO BLOOM,,NOT REPORTED,ShoreBloom_Sample
0707SKA0193,0707SKA0193_C,CENTROID,"8/3/2018, 8:00 PM",SKA,CONFIRMED WITH HIGH TOXINS,"8/9/2018, 8:00 PM",NOT REPORTED,ShoreBloom_Sample
0707SKA0193,0707SKA0193_C,CENTROID,"8/3/2018, 8:00 PM",SKA,CONFIRMED,"8/5/2018, 8:00 PM",NOT REPORTED,ShoreBloom_Sample
0707SKA0193,0707SKA0193_C,CENTROID,"8/4/2018, 8:00 PM",SKA,CONFIRMED,"8/5/2018, 8:00 PM",NOT REPORTED,ShoreBloom_Sample
0707SKA0193,0707SKA0193_C,CENTROID,"8/4/2018, 8:00 PM",SKA,CONFIRMED,"8/5/2018, 8:00 PM",NOT REPORTED,ShoreBloom_Sample
0707SKA0193,0707SKA0193_C,CENTROID,"8/5/2018, 8:00 PM",SKA,NO BLOOM,"8/5/2018, 8:00 PM",NOT REPORTED,ShoreBloom_Sample
0707SKA0193,0707SKA0193_C,CENTROID,"7/14/2019, 8:00 PM",SKA,NO BLOOM,,NO BLOOM PRESENT,HAB_Report
0707SKA0193,0707SKA0193_C,CENTROID,"9/2/2019, 8:00 PM",DEC,SUSPICIOUS,"9/3/2019, 8:00 PM",SMALL LOCALIZED,HAB_Report
0707SKA0193,0707SKA0193_C,CENTROID,"9/2/2019, 8:00 PM",PUB,SUSPICIOUS,"9/2/2019, 8:00 PM",SMALL LOCALIZED,HAB_Report
0707SKA0193,0707SKA0193_C,CENTROID,"9/5/2019, 8:00 PM",OTHER,NO BLOOM,,OPEN WATER,HAB_Report
0707SKA0193,0707SKA0193_C,CENTROID,"9/9/2019, 8:00 PM",PUB,NO BLOOM,,SMALL LOCALIZED,HAB_Report
0707SKA0193,0707SKA0193_C,CENTROID,"9/15/2019, 8:00 PM",PUB,SUSPICIOUS,"9/15/2019, 8:00 PM",SMALL LOCALIZED,HAB_Report
0707SKA0193,0707SKA0193_C,CENTROID,"9/16/2019, 8:00 PM",DEC,SUSPICIOUS,"9/16/2019, 8:00 PM",OPEN WATER,HAB_Report
0707SKA0193,0707SKA0193_C,CENTROID,"9/20/2019, 8:00 PM",PUB,SUSPICIOUS,"9/22/2019, 8:00 PM",SMALL LOCALIZED,HAB_Report
0707SKA0193,0707SKA0193_C,CENTROID,"7/6/2020, 9:30 AM",PUB,NO BLOOM,"7/5/2020, 8:00 PM",SMALL LOCALIZED,HAB_Report
0707SKA0193,0707SKA0193_C,CENTROID,"7/28/2020, 4:56 PM",SKA,NO BLOOM,,NOT REPORTED,HAB_Report
0707SKA0193,0707SKA0193_C,CENTROID,"8/1/2020, 3:26 PM",PUB,NO BLOOM,"8/2/2020, 8:00 PM",LARGE LOCALIZED,HAB_Report
0707SKA0193,0707SKA0193_C,CENTROID,"9/15/2020, 4:30 PM",PUB,CONFIRMED,"9/15/2020, 8:00 PM",SMALL LOCALIZED,HAB_Report
0707SKA0193,0707SKA0193_C,CENTROID,"9/21/2020, 1:30 PM",PUB,CONFIRMED,"9/20/2020, 8:00 PM",SMALL LOCALIZED,HAB_Report
0707SKA0193,0707SKA0193_C,CENTROID,"9/21/2020, 2:45 PM",PUB,CONFIRMED,"9/21/2020, 8:00 PM",SMALL LOCALIZED,HAB_Report
0707SKA0193,0707SKA0193_C,CENTROID,"9/21/2020, 4:42 PM",SKA,CONFIRMED,"10/19/2020, 8:00 PM",SMALL LOCALIZED,HAB_Report
0707SKA0193,0707SKA0193_C,CENTROID,"9/25/2020, 8:30 AM",PUB,CONFIRMED,"9/24/2020, 8:00 PM",LARGE LOCALIZED,HAB_Report
0707SKA0193,0707SKA0193_C,CENTROID,"9/25/2020, 8:30 AM",PUB,CONFIRMED,"9/24/2020, 8:00 PM",SMALL LOCALIZED,HAB_Report
0707SKA0193,0707SKA0193_C,CENTROID,"9/25/2020, 4:40 PM",PUB,CONFIRMED,"9/27/2020, 8:00 PM",SMALL LOCALIZED,HAB_Report
0707SKA0193,0707SKA0193_C,CENTROID,"9/25/2020, 4:40 PM",PUB,CONFIRMED,"9/27/2020, 8:00 PM",LARGE LOCALIZED,HAB_Report
0707SKA0193,0707SKA0193_CSL1,OTHER,"10/2/2017, 10:30 AM",CSL,CONFIRMED,"10/4/2017, 8:00 PM",WIDESPREAD/LAKEWIDE,ShoreBloom_Sample
0707SKA0193,0707SKA0193_CSL1,OTHER,"6/23/2019, 7:10 AM",CSL,NO BLOOM,"11/11/2019, 7:00 PM",NOT REPORTED,Epilimnion_Sample
0707SKA0193,0707SKA0193_CSL1,OTHER,"7/8/2019, 7:00 AM",CSL,NO BLOOM,"7/10/2019, 8:00 PM",NOT REPORTED,Epilimnion_Sample
0707SKA0193,0707SKA0193_CSL1,OTHER,"7/23/2019, 6:59 AM",CSL,NO BLOOM,"7/25/2019, 8:00 PM",NOT REPORTED,Epilimnion_Sample
0707SKA0193,0707SKA0193_CSL1,OTHER,"8/12/2019, 7:00 AM",CSL,NO BLOOM,"8/15/2019, 8:00 PM",NOT REPORTED,Epilimnion_Sample
0707SKA0193,0707SKA0193_CSL1,OTHER,"9/3/2019, 7:00 AM",CSL,CONFIRMED WITH HIGH TOXINS,"9/5/2019, 8:00 PM",NOT REPORTED,ShoreBloom_Sample
0707SKA0193,0707SKA0193_CSL1,OTHER,"9/3/2019, 7:00 AM",CSL,NO BLOOM,"9/5/2019, 8:00 PM",NOT REPORTED,Epilimnion_Sample
0707SKA0193,0707SKA0193_CSL1,OTHER,"9/16/2019, 7:00 AM",CSL,NO BLOOM,"9/18/2019, 8:00 PM",NOT REPORTED,Epilimnion_Sample
0707SKA0193,0707SKA0193_CSL1,OTHER,"9/29/2019, 6:35 AM",CSL,NO BLOOM,"10/1/2019, 8:00 PM",NOT REPORTED,Epilimnion_Sample
0707SKA0193,0707SKA0193_CSL1,OTHER,"9/14/2020, 8:00 PM",CSL,NO BLOOM,,NOT REPORTED,ShoreBloom_Sample
0707SKA0193,0707SKA0193_CSL2,OTHER,"6/24/2019, 3:30 AM",CSL,NO BLOOM,"11/11/2019, 7:00 PM",NOT REPORTED,Epilimnion_Sample
0707SKA0193,0707SKA0193_CSL2,OTHER,"7/8/2019, 3:50 AM",CSL,NO BLOOM,"7/10/2019, 8:00 PM",NOT REPORTED,Epilimnion_Sample
0707SKA0193,0707SKA0193_CSL2,OTHER,"7/23/2019, 11:20 AM",CSL,NO BLOOM,"7/25/2019, 8:00 PM",NOT REPORTED,Epilimnion_Sample
0707SKA0193,0707SKA0193_CSL2,OTHER,"8/3/2019, 10:00 AM",CSL,NO BLOOM,"8/6/2019, 8:00 PM",NOT REPORTED,Epilimnion_Sample
0707SKA0193,0707SKA0193_CSL2,OTHER,"8/20/2019, 3:00 AM",CSL,NO BLOOM,"8/21/2019, 8:00 PM",NOT REPORTED,Epilimnion_Sample
0707SKA0193,0707SKA0193_CSL2,OTHER,"9/9/2019, 3:45 AM",CSL,NO BLOOM,"9/11/2019, 8:00 PM",NOT REPORTED,Epilimnion_Sample
0707SKA0193,0707SKA0193_CSL2,OTHER,"9/17/2019, 9:30 AM",CSL,NO BLOOM,"9/25/2019, 8:00 PM",NO BLOOM PRESENT,ShoreBloom_Sample
0707SKA0193,0707SKA0193_CSL2,OTHER,"9/17/2019, 9:30 AM",CSL,NO BLOOM,"9/19/2019, 8:00 PM",NOT REPORTED,Epilimnion_Sample
0707SKA0193,0707SKA0193_CSL2,OTHER,"10/2/2019, 4:20 AM",CSL,NO BLOOM,"10/2/2019, 8:00 PM",NOT REPORTED,Epilimnion_Sample
0707SKA0193,0707SKA0196_3504,SHORE,"7/14/2019, 8:00 PM",SKA,NO BLOOM,,NO BLOOM PRESENT,HAB_Report
